[Fri Jul 18 06:03:36.416966 2025] [core:warn] [pid 17764:tid 428] AH00098: pid file C:/xampp/apache/logs/httpd.pid overwritten -- Unclean shutdown of previous Apache run?
[Fri Jul 18 06:03:36.485783 2025] [mpm_winnt:notice] [pid 17764:tid 428] AH00455: Apache/2.4.58 (Win64) OpenSSL/3.1.3 PHP/8.2.12 configured -- resuming normal operations
[Fri Jul 18 06:03:36.485783 2025] [mpm_winnt:notice] [pid 17764:tid 428] AH00456: Apache Lounge VS17 Server built: Oct 18 2023 13:03:18
[Fri Jul 18 06:03:36.486779 2025] [core:notice] [pid 17764:tid 428] AH00094: Command line: 'c:\\xampp\\apache\\bin\\httpd.exe -d C:/xampp/apache'
[Fri Jul 18 06:03:36.489771 2025] [mpm_winnt:notice] [pid 17764:tid 428] AH00418: Parent: Created child process 1716
[Fri Jul 18 06:03:37.244752 2025] [mpm_winnt:notice] [pid 1716:tid 452] AH00354: Child: Starting 150 worker threads.
[Fri Jul 18 06:07:04.833101 2025] [core:warn] [pid 14828:tid 440] AH00098: pid file C:/xampp/apache/logs/httpd.pid overwritten -- Unclean shutdown of previous Apache run?
[Fri Jul 18 06:07:04.904851 2025] [mpm_winnt:notice] [pid 14828:tid 440] AH00455: Apache/2.4.58 (Win64) OpenSSL/3.1.3 PHP/8.2.12 configured -- resuming normal operations
[Fri Jul 18 06:07:04.904851 2025] [mpm_winnt:notice] [pid 14828:tid 440] AH00456: Apache Lounge VS17 Server built: Oct 18 2023 13:03:18
[Fri Jul 18 06:07:04.904851 2025] [core:notice] [pid 14828:tid 440] AH00094: Command line: 'c:\\xampp\\apache\\bin\\httpd.exe -d C:/xampp/apache'
[Fri Jul 18 06:07:04.907843 2025] [mpm_winnt:notice] [pid 14828:tid 440] AH00418: Parent: Created child process 11808
[Fri Jul 18 06:07:07.595961 2025] [mpm_winnt:notice] [pid 11808:tid 456] AH00354: Child: Starting 150 worker threads.
[Fri Jul 18 06:16:33.927302 2025] [mpm_winnt:crit] [pid 11808:tid 456] AH02538: Child: Parent process exited abruptly. Child process is ending
[Fri Jul 18 06:16:41.592550 2025] [core:warn] [pid 6168:tid 432] AH00098: pid file C:/xampp/apache/logs/httpd.pid overwritten -- Unclean shutdown of previous Apache run?
[Fri Jul 18 06:16:41.659876 2025] [mpm_winnt:notice] [pid 6168:tid 432] AH00455: Apache/2.4.58 (Win64) OpenSSL/3.1.3 PHP/8.2.12 configured -- resuming normal operations
[Fri Jul 18 06:16:41.660873 2025] [mpm_winnt:notice] [pid 6168:tid 432] AH00456: Apache Lounge VS17 Server built: Oct 18 2023 13:03:18
[Fri Jul 18 06:16:41.660873 2025] [core:notice] [pid 6168:tid 432] AH00094: Command line: 'c:\\xampp\\apache\\bin\\httpd.exe -d C:/xampp/apache'
[Fri Jul 18 06:16:41.663866 2025] [mpm_winnt:notice] [pid 6168:tid 432] AH00418: Parent: Created child process 3248
[Fri Jul 18 06:16:42.270805 2025] [mpm_winnt:notice] [pid 3248:tid 472] AH00354: Child: Starting 150 worker threads.
[Fri Jul 18 09:33:11.299494 2025] [core:warn] [pid 9192:tid 472] AH00098: pid file C:/xampp/apache/logs/httpd.pid overwritten -- Unclean shutdown of previous Apache run?
[Fri Jul 18 09:33:11.377285 2025] [mpm_winnt:notice] [pid 9192:tid 472] AH00455: Apache/2.4.58 (Win64) OpenSSL/3.1.3 PHP/8.2.12 configured -- resuming normal operations
[Fri Jul 18 09:33:11.377285 2025] [mpm_winnt:notice] [pid 9192:tid 472] AH00456: Apache Lounge VS17 Server built: Oct 18 2023 13:03:18
[Fri Jul 18 09:33:11.377285 2025] [core:notice] [pid 9192:tid 472] AH00094: Command line: 'c:\\xampp\\apache\\bin\\httpd.exe -d C:/xampp/apache'
[Fri Jul 18 09:33:11.381275 2025] [mpm_winnt:notice] [pid 9192:tid 472] AH00418: Parent: Created child process 15820
[Fri Jul 18 09:33:12.029875 2025] [mpm_winnt:notice] [pid 15820:tid 428] AH00354: Child: Starting 150 worker threads.
[Fri Jul 18 09:42:39.620032 2025] [core:warn] [pid 12396:tid 448] AH00098: pid file C:/xampp/apache/logs/httpd.pid overwritten -- Unclean shutdown of previous Apache run?
[Fri Jul 18 09:42:39.689197 2025] [mpm_winnt:notice] [pid 12396:tid 448] AH00455: Apache/2.4.58 (Win64) OpenSSL/3.1.3 PHP/8.2.12 configured -- resuming normal operations
[Fri Jul 18 09:42:39.689197 2025] [mpm_winnt:notice] [pid 12396:tid 448] AH00456: Apache Lounge VS17 Server built: Oct 18 2023 13:03:18
[Fri Jul 18 09:42:39.689197 2025] [core:notice] [pid 12396:tid 448] AH00094: Command line: 'c:\\xampp\\apache\\bin\\httpd.exe -d C:/xampp/apache'
[Fri Jul 18 09:42:39.776313 2025] [mpm_winnt:notice] [pid 12396:tid 448] AH00418: Parent: Created child process 16664
[Fri Jul 18 09:42:40.388353 2025] [mpm_winnt:notice] [pid 16664:tid 428] AH00354: Child: Starting 150 worker threads.
[Fri Jul 18 09:57:29.650517 2025] [access_compat:error] [pid 16664:tid 1880] [client 127.0.0.1:65408] AH01797: client denied by server configuration: C:/xampp/htdocs/Lugxwebsite/public/index.php
[Fri Jul 18 09:57:43.036281 2025] [core:warn] [pid 16632:tid 440] AH00098: pid file C:/xampp/apache/logs/httpd.pid overwritten -- Unclean shutdown of previous Apache run?
[Fri Jul 18 09:57:43.107126 2025] [mpm_winnt:notice] [pid 16632:tid 440] AH00455: Apache/2.4.58 (Win64) OpenSSL/3.1.3 PHP/8.2.12 configured -- resuming normal operations
[Fri Jul 18 09:57:43.107126 2025] [mpm_winnt:notice] [pid 16632:tid 440] AH00456: Apache Lounge VS17 Server built: Oct 18 2023 13:03:18
[Fri Jul 18 09:57:43.107126 2025] [core:notice] [pid 16632:tid 440] AH00094: Command line: 'c:\\xampp\\apache\\bin\\httpd.exe -d C:/xampp/apache'
[Fri Jul 18 09:57:43.111080 2025] [mpm_winnt:notice] [pid 16632:tid 440] AH00418: Parent: Created child process 11904
[Fri Jul 18 09:57:43.734175 2025] [mpm_winnt:notice] [pid 11904:tid 452] AH00354: Child: Starting 150 worker threads.
[Fri Jul 18 09:57:54.568631 2025] [access_compat:error] [pid 11904:tid 1876] [client 127.0.0.1:65417] AH01797: client denied by server configuration: C:/xampp/htdocs/Lugxwebsite/public/index.php
[Fri Jul 18 09:57:57.650467 2025] [access_compat:error] [pid 11904:tid 1876] [client 127.0.0.1:65419] AH01797: client denied by server configuration: C:/xampp/htdocs/Lugxwebsite/public/index.php
[Fri Jul 18 10:01:44.984392 2025] [access_compat:error] [pid 11904:tid 1876] [client 127.0.0.1:65503] AH01797: client denied by server configuration: C:/xampp/htdocs/Lugxwebsite/public/index.php
[Fri Jul 18 10:01:46.530134 2025] [access_compat:error] [pid 11904:tid 1876] [client 127.0.0.1:65504] AH01797: client denied by server configuration: C:/xampp/htdocs/Lugxwebsite/public/index.php
[Fri Jul 18 10:04:55.522732 2025] [access_compat:error] [pid 11904:tid 1876] [client 127.0.0.1:49201] AH01797: client denied by server configuration: C:/xampp/htdocs/Lugxwebsite/public/index.php
[Fri Jul 18 10:08:42.644902 2025] [access_compat:error] [pid 11904:tid 1876] [client 127.0.0.1:49284] AH01797: client denied by server configuration: C:/xampp/htdocs/Lugxwebsite/public/index.php
[Fri Jul 18 10:12:38.410096 2025] [access_compat:error] [pid 11904:tid 1876] [client 127.0.0.1:49369] AH01797: client denied by server configuration: C:/xampp/htdocs/Lugxwebsite/public/index.php
[Fri Jul 18 10:23:26.213065 2025] [core:warn] [pid 8996:tid 436] AH00098: pid file C:/xampp/apache/logs/httpd.pid overwritten -- Unclean shutdown of previous Apache run?
[Fri Jul 18 10:23:26.485311 2025] [mpm_winnt:notice] [pid 8996:tid 436] AH00455: Apache/2.4.58 (Win64) OpenSSL/3.1.3 PHP/8.2.12 configured -- resuming normal operations
[Fri Jul 18 10:23:26.485311 2025] [mpm_winnt:notice] [pid 8996:tid 436] AH00456: Apache Lounge VS17 Server built: Oct 18 2023 13:03:18
[Fri Jul 18 10:23:26.485311 2025] [core:notice] [pid 8996:tid 436] AH00094: Command line: 'c:\\xampp\\apache\\bin\\httpd.exe -d C:/xampp/apache'
[Fri Jul 18 10:23:26.488345 2025] [mpm_winnt:notice] [pid 8996:tid 436] AH00418: Parent: Created child process 9980
[Fri Jul 18 10:23:27.454297 2025] [mpm_winnt:notice] [pid 9980:tid 452] AH00354: Child: Starting 150 worker threads.
[Sat Jul 19 00:11:42.565899 2025] [core:warn] [pid 7340:tid 432] AH00098: pid file C:/xampp/apache/logs/httpd.pid overwritten -- Unclean shutdown of previous Apache run?
[Sat Jul 19 00:11:44.643536 2025] [mpm_winnt:notice] [pid 7340:tid 432] AH00455: Apache/2.4.58 (Win64) OpenSSL/3.1.3 PHP/8.2.12 configured -- resuming normal operations
[Sat Jul 19 00:11:44.643536 2025] [mpm_winnt:notice] [pid 7340:tid 432] AH00456: Apache Lounge VS17 Server built: Oct 18 2023 13:03:18
[Sat Jul 19 00:11:44.643536 2025] [core:notice] [pid 7340:tid 432] AH00094: Command line: 'c:\\xampp\\apache\\bin\\httpd.exe -d C:/xampp/apache'
[Sat Jul 19 00:11:44.643536 2025] [mpm_winnt:notice] [pid 7340:tid 432] AH00418: Parent: Created child process 7072
[Sat Jul 19 00:11:45.502709 2025] [mpm_winnt:notice] [pid 7072:tid 452] AH00354: Child: Starting 150 worker threads.
[Sat Jul 19 02:00:30.541319 2025] [core:warn] [pid 7672:tid 432] AH00098: pid file C:/xampp/apache/logs/httpd.pid overwritten -- Unclean shutdown of previous Apache run?
[Sat Jul 19 02:00:30.723709 2025] [mpm_winnt:notice] [pid 7672:tid 432] AH00455: Apache/2.4.58 (Win64) OpenSSL/3.1.3 PHP/8.2.12 configured -- resuming normal operations
[Sat Jul 19 02:00:30.723709 2025] [mpm_winnt:notice] [pid 7672:tid 432] AH00456: Apache Lounge VS17 Server built: Oct 18 2023 13:03:18
[Sat Jul 19 02:00:30.723709 2025] [core:notice] [pid 7672:tid 432] AH00094: Command line: 'c:\\xampp\\apache\\bin\\httpd.exe -d C:/xampp/apache'
[Sat Jul 19 02:00:30.740190 2025] [mpm_winnt:notice] [pid 7672:tid 432] AH00418: Parent: Created child process 5844
[Sat Jul 19 02:00:31.526605 2025] [mpm_winnt:notice] [pid 5844:tid 428] AH00354: Child: Starting 150 worker threads.
[Sat Jul 19 02:06:08.226806 2025] [mpm_winnt:crit] [pid 5844:tid 428] AH02538: Child: Parent process exited abruptly. Child process is ending
[Sat Jul 19 02:06:09.932425 2025] [core:warn] [pid 12520:tid 428] AH00098: pid file C:/xampp/apache/logs/httpd.pid overwritten -- Unclean shutdown of previous Apache run?
[Sat Jul 19 02:06:09.985867 2025] [mpm_winnt:notice] [pid 12520:tid 428] AH00455: Apache/2.4.58 (Win64) OpenSSL/3.1.3 PHP/8.2.12 configured -- resuming normal operations
[Sat Jul 19 02:06:09.985867 2025] [mpm_winnt:notice] [pid 12520:tid 428] AH00456: Apache Lounge VS17 Server built: Oct 18 2023 13:03:18
[Sat Jul 19 02:06:09.985867 2025] [core:notice] [pid 12520:tid 428] AH00094: Command line: 'c:\\xampp\\apache\\bin\\httpd.exe -d C:/xampp/apache'
[Sat Jul 19 02:06:09.985867 2025] [mpm_winnt:notice] [pid 12520:tid 428] AH00418: Parent: Created child process 5780
[Sat Jul 19 02:06:10.634313 2025] [mpm_winnt:notice] [pid 5780:tid 440] AH00354: Child: Starting 150 worker threads.
[Sat Jul 19 02:18:18.485021 2025] [core:warn] [pid 1176:tid 428] AH00098: pid file C:/xampp/apache/logs/httpd.pid overwritten -- Unclean shutdown of previous Apache run?
[Sat Jul 19 02:18:18.535883 2025] [mpm_winnt:notice] [pid 1176:tid 428] AH00455: Apache/2.4.58 (Win64) OpenSSL/3.1.3 PHP/8.2.12 configured -- resuming normal operations
[Sat Jul 19 02:18:18.535883 2025] [mpm_winnt:notice] [pid 1176:tid 428] AH00456: Apache Lounge VS17 Server built: Oct 18 2023 13:03:18
[Sat Jul 19 02:18:18.535883 2025] [core:notice] [pid 1176:tid 428] AH00094: Command line: 'c:\\xampp\\apache\\bin\\httpd.exe -d C:/xampp/apache'
[Sat Jul 19 02:18:18.538912 2025] [mpm_winnt:notice] [pid 1176:tid 428] AH00418: Parent: Created child process 11240
[Sat Jul 19 02:18:19.346984 2025] [mpm_winnt:notice] [pid 11240:tid 448] AH00354: Child: Starting 150 worker threads.
[Sat Jul 19 02:29:36.033223 2025] [mpm_winnt:crit] [pid 11240:tid 448] AH02538: Child: Parent process exited abruptly. Child process is ending
[Sat Jul 19 02:29:38.046352 2025] [core:warn] [pid 6156:tid 468] AH00098: pid file C:/xampp/apache/logs/httpd.pid overwritten -- Unclean shutdown of previous Apache run?
[Sat Jul 19 02:29:38.115154 2025] [mpm_winnt:notice] [pid 6156:tid 468] AH00455: Apache/2.4.58 (Win64) OpenSSL/3.1.3 PHP/8.2.12 configured -- resuming normal operations
[Sat Jul 19 02:29:38.115154 2025] [mpm_winnt:notice] [pid 6156:tid 468] AH00456: Apache Lounge VS17 Server built: Oct 18 2023 13:03:18
[Sat Jul 19 02:29:38.115154 2025] [core:notice] [pid 6156:tid 468] AH00094: Command line: 'c:\\xampp\\apache\\bin\\httpd.exe -d C:/xampp/apache'
[Sat Jul 19 02:29:38.115154 2025] [mpm_winnt:notice] [pid 6156:tid 468] AH00418: Parent: Created child process 1212
[Sat Jul 19 02:29:38.714844 2025] [mpm_winnt:notice] [pid 1212:tid 428] AH00354: Child: Starting 150 worker threads.
[Sat Jul 19 02:40:59.106413 2025] [mpm_winnt:crit] [pid 1212:tid 428] AH02538: Child: Parent process exited abruptly. Child process is ending
[Sat Jul 19 02:41:00.850854 2025] [core:warn] [pid 7208:tid 432] AH00098: pid file C:/xampp/apache/logs/httpd.pid overwritten -- Unclean shutdown of previous Apache run?
[Sat Jul 19 02:41:00.914832 2025] [mpm_winnt:notice] [pid 7208:tid 432] AH00455: Apache/2.4.58 (Win64) OpenSSL/3.1.3 PHP/8.2.12 configured -- resuming normal operations
[Sat Jul 19 02:41:00.914832 2025] [mpm_winnt:notice] [pid 7208:tid 432] AH00456: Apache Lounge VS17 Server built: Oct 18 2023 13:03:18
[Sat Jul 19 02:41:00.914832 2025] [core:notice] [pid 7208:tid 432] AH00094: Command line: 'c:\\xampp\\apache\\bin\\httpd.exe -d C:/xampp/apache'
[Sat Jul 19 02:41:00.918796 2025] [mpm_winnt:notice] [pid 7208:tid 432] AH00418: Parent: Created child process 9684
[Sat Jul 19 02:41:01.668185 2025] [mpm_winnt:notice] [pid 9684:tid 456] AH00354: Child: Starting 150 worker threads.
[Sat Jul 19 19:49:50.098597 2025] [core:warn] [pid 12872:tid 424] AH00098: pid file C:/xampp/apache/logs/httpd.pid overwritten -- Unclean shutdown of previous Apache run?
[Sat Jul 19 19:49:50.183217 2025] [mpm_winnt:notice] [pid 12872:tid 424] AH00455: Apache/2.4.58 (Win64) OpenSSL/3.1.3 PHP/8.2.12 configured -- resuming normal operations
[Sat Jul 19 19:49:50.183217 2025] [mpm_winnt:notice] [pid 12872:tid 424] AH00456: Apache Lounge VS17 Server built: Oct 18 2023 13:03:18
[Sat Jul 19 19:49:50.183217 2025] [core:notice] [pid 12872:tid 424] AH00094: Command line: 'c:\\xampp\\apache\\bin\\httpd.exe -d C:/xampp/apache'
[Sat Jul 19 19:49:50.183217 2025] [mpm_winnt:notice] [pid 12872:tid 424] AH00418: Parent: Created child process 8692
[Sat Jul 19 19:49:51.170066 2025] [mpm_winnt:notice] [pid 8692:tid 432] AH00354: Child: Starting 150 worker threads.
[Sat Jul 19 21:07:13.435349 2025] [core:warn] [pid 236:tid 440] AH00098: pid file C:/xampp/apache/logs/httpd.pid overwritten -- Unclean shutdown of previous Apache run?
[Sat Jul 19 21:07:13.513454 2025] [mpm_winnt:notice] [pid 236:tid 440] AH00455: Apache/2.4.58 (Win64) OpenSSL/3.1.3 PHP/8.2.12 configured -- resuming normal operations
[Sat Jul 19 21:07:13.513454 2025] [mpm_winnt:notice] [pid 236:tid 440] AH00456: Apache Lounge VS17 Server built: Oct 18 2023 13:03:18
[Sat Jul 19 21:07:13.513454 2025] [core:notice] [pid 236:tid 440] AH00094: Command line: 'c:\\xampp\\apache\\bin\\httpd.exe -d C:/xampp/apache'
[Sat Jul 19 21:07:13.513454 2025] [mpm_winnt:notice] [pid 236:tid 440] AH00418: Parent: Created child process 11924
[Sat Jul 19 21:07:14.169550 2025] [mpm_winnt:notice] [pid 11924:tid 440] AH00354: Child: Starting 150 worker threads.
[Sat Jul 19 21:07:46.922014 2025] [mpm_winnt:crit] [pid 11924:tid 440] AH02538: Child: Parent process exited abruptly. Child process is ending
[Sun Jul 20 08:48:38.002582 2025] [core:warn] [pid 11152:tid 456] AH00098: pid file C:/xampp/apache/logs/httpd.pid overwritten -- Unclean shutdown of previous Apache run?
[Sun Jul 20 08:48:38.080678 2025] [mpm_winnt:notice] [pid 11152:tid 456] AH00455: Apache/2.4.58 (Win64) OpenSSL/3.1.3 PHP/8.2.12 configured -- resuming normal operations
[Sun Jul 20 08:48:38.080678 2025] [mpm_winnt:notice] [pid 11152:tid 456] AH00456: Apache Lounge VS17 Server built: Oct 18 2023 13:03:18
[Sun Jul 20 08:48:38.080678 2025] [core:notice] [pid 11152:tid 456] AH00094: Command line: 'c:\\xampp\\apache\\bin\\httpd.exe -d C:/xampp/apache'
[Sun Jul 20 08:48:38.080678 2025] [mpm_winnt:notice] [pid 11152:tid 456] AH00418: Parent: Created child process 5636
[Sun Jul 20 08:48:38.877364 2025] [mpm_winnt:notice] [pid 5636:tid 444] AH00354: Child: Starting 150 worker threads.
[Sun Jul 20 09:06:51.543987 2025] [core:warn] [pid 7984:tid 444] AH00098: pid file C:/xampp/apache/logs/httpd.pid overwritten -- Unclean shutdown of previous Apache run?
[Sun Jul 20 09:06:51.644235 2025] [mpm_winnt:notice] [pid 7984:tid 444] AH00455: Apache/2.4.58 (Win64) OpenSSL/3.1.3 PHP/8.2.12 configured -- resuming normal operations
[Sun Jul 20 09:06:51.644235 2025] [mpm_winnt:notice] [pid 7984:tid 444] AH00456: Apache Lounge VS17 Server built: Oct 18 2023 13:03:18
[Sun Jul 20 09:06:51.644235 2025] [core:notice] [pid 7984:tid 444] AH00094: Command line: 'c:\\xampp\\apache\\bin\\httpd.exe -d C:/xampp/apache'
[Sun Jul 20 09:06:51.712916 2025] [mpm_winnt:notice] [pid 7984:tid 444] AH00418: Parent: Created child process 1724
[Sun Jul 20 09:06:53.364128 2025] [mpm_winnt:notice] [pid 1724:tid 456] AH00354: Child: Starting 150 worker threads.
[Sun Jul 20 10:17:50.783969 2025] [core:warn] [pid 11064:tid 432] AH00098: pid file C:/xampp/apache/logs/httpd.pid overwritten -- Unclean shutdown of previous Apache run?
[Sun Jul 20 10:17:50.846434 2025] [mpm_winnt:notice] [pid 11064:tid 432] AH00455: Apache/2.4.58 (Win64) OpenSSL/3.1.3 PHP/8.2.12 configured -- resuming normal operations
[Sun Jul 20 10:17:50.846434 2025] [mpm_winnt:notice] [pid 11064:tid 432] AH00456: Apache Lounge VS17 Server built: Oct 18 2023 13:03:18
[Sun Jul 20 10:17:50.846434 2025] [core:notice] [pid 11064:tid 432] AH00094: Command line: 'c:\\xampp\\apache\\bin\\httpd.exe -d C:/xampp/apache'
[Sun Jul 20 10:17:50.846434 2025] [mpm_winnt:notice] [pid 11064:tid 432] AH00418: Parent: Created child process 11152
[Sun Jul 20 10:17:52.851670 2025] [mpm_winnt:notice] [pid 11152:tid 452] AH00354: Child: Starting 150 worker threads.
[Sun Jul 20 10:26:59.073909 2025] [core:warn] [pid 5608:tid 444] AH00098: pid file C:/xampp/apache/logs/httpd.pid overwritten -- Unclean shutdown of previous Apache run?
[Sun Jul 20 10:26:59.174154 2025] [mpm_winnt:notice] [pid 5608:tid 444] AH00455: Apache/2.4.58 (Win64) OpenSSL/3.1.3 PHP/8.2.12 configured -- resuming normal operations
[Sun Jul 20 10:26:59.174154 2025] [mpm_winnt:notice] [pid 5608:tid 444] AH00456: Apache Lounge VS17 Server built: Oct 18 2023 13:03:18
[Sun Jul 20 10:26:59.174154 2025] [core:notice] [pid 5608:tid 444] AH00094: Command line: 'c:\\xampp\\apache\\bin\\httpd.exe -d C:/xampp/apache'
[Sun Jul 20 10:26:59.205401 2025] [mpm_winnt:notice] [pid 5608:tid 444] AH00418: Parent: Created child process 10480
[Sun Jul 20 10:26:59.991787 2025] [mpm_winnt:notice] [pid 10480:tid 444] AH00354: Child: Starting 150 worker threads.
[Sun Jul 20 10:34:58.863308 2025] [mpm_winnt:crit] [pid 10480:tid 444] AH02538: Child: Parent process exited abruptly. Child process is ending
[Sun Jul 20 10:35:00.722877 2025] [core:warn] [pid 7536:tid 448] AH00098: pid file C:/xampp/apache/logs/httpd.pid overwritten -- Unclean shutdown of previous Apache run?
[Sun Jul 20 10:35:00.769195 2025] [mpm_winnt:notice] [pid 7536:tid 448] AH00455: Apache/2.4.58 (Win64) OpenSSL/3.1.3 PHP/8.2.12 configured -- resuming normal operations
[Sun Jul 20 10:35:00.769195 2025] [mpm_winnt:notice] [pid 7536:tid 448] AH00456: Apache Lounge VS17 Server built: Oct 18 2023 13:03:18
[Sun Jul 20 10:35:00.769195 2025] [core:notice] [pid 7536:tid 448] AH00094: Command line: 'c:\\xampp\\apache\\bin\\httpd.exe -d C:/xampp/apache'
[Sun Jul 20 10:35:00.769195 2025] [mpm_winnt:notice] [pid 7536:tid 448] AH00418: Parent: Created child process 14320
[Sun Jul 20 10:35:02.110063 2025] [mpm_winnt:notice] [pid 14320:tid 428] AH00354: Child: Starting 150 worker threads.
[Sun Jul 20 12:24:36.002656 2025] [core:warn] [pid 13604:tid 484] AH00098: pid file C:/xampp/apache/logs/httpd.pid overwritten -- Unclean shutdown of previous Apache run?
[Sun Jul 20 12:24:36.080770 2025] [mpm_winnt:notice] [pid 13604:tid 484] AH00455: Apache/2.4.58 (Win64) OpenSSL/3.1.3 PHP/8.2.12 configured -- resuming normal operations
[Sun Jul 20 12:24:36.080770 2025] [mpm_winnt:notice] [pid 13604:tid 484] AH00456: Apache Lounge VS17 Server built: Oct 18 2023 13:03:18
[Sun Jul 20 12:24:36.080770 2025] [core:notice] [pid 13604:tid 484] AH00094: Command line: 'c:\\xampp\\apache\\bin\\httpd.exe -d C:/xampp/apache'
[Sun Jul 20 12:24:36.218872 2025] [mpm_winnt:notice] [pid 13604:tid 484] AH00418: Parent: Created child process 9808
[Sun Jul 20 12:24:36.967635 2025] [mpm_winnt:notice] [pid 9808:tid 460] AH00354: Child: Starting 150 worker threads.
[Sun Jul 20 12:34:51.148472 2025] [core:warn] [pid 5948:tid 460] AH00098: pid file C:/xampp/apache/logs/httpd.pid overwritten -- Unclean shutdown of previous Apache run?
[Sun Jul 20 12:34:51.286544 2025] [mpm_winnt:notice] [pid 5948:tid 460] AH00455: Apache/2.4.58 (Win64) OpenSSL/3.1.3 PHP/8.2.12 configured -- resuming normal operations
[Sun Jul 20 12:34:51.286544 2025] [mpm_winnt:notice] [pid 5948:tid 460] AH00456: Apache Lounge VS17 Server built: Oct 18 2023 13:03:18
[Sun Jul 20 12:34:51.286544 2025] [core:notice] [pid 5948:tid 460] AH00094: Command line: 'c:\\xampp\\apache\\bin\\httpd.exe -d C:/xampp/apache'
[Sun Jul 20 12:34:51.302188 2025] [mpm_winnt:notice] [pid 5948:tid 460] AH00418: Parent: Created child process 6560
[Sun Jul 20 12:34:51.966356 2025] [mpm_winnt:notice] [pid 6560:tid 428] AH00354: Child: Starting 150 worker threads.
[Sun Jul 20 12:51:19.104271 2025] [core:warn] [pid 12600:tid 424] AH00098: pid file C:/xampp/apache/logs/httpd.pid overwritten -- Unclean shutdown of previous Apache run?
[Sun Jul 20 12:51:19.173235 2025] [mpm_winnt:notice] [pid 12600:tid 424] AH00455: Apache/2.4.58 (Win64) OpenSSL/3.1.3 PHP/8.2.12 configured -- resuming normal operations
[Sun Jul 20 12:51:19.173235 2025] [mpm_winnt:notice] [pid 12600:tid 424] AH00456: Apache Lounge VS17 Server built: Oct 18 2023 13:03:18
[Sun Jul 20 12:51:19.173235 2025] [core:notice] [pid 12600:tid 424] AH00094: Command line: 'c:\\xampp\\apache\\bin\\httpd.exe -d C:/xampp/apache'
[Sun Jul 20 12:51:19.188900 2025] [mpm_winnt:notice] [pid 12600:tid 424] AH00418: Parent: Created child process 9464
[Sun Jul 20 12:51:19.953848 2025] [mpm_winnt:notice] [pid 9464:tid 448] AH00354: Child: Starting 150 worker threads.
[Sun Jul 20 13:05:52.009646 2025] [mpm_winnt:crit] [pid 9464:tid 448] AH02538: Child: Parent process exited abruptly. Child process is ending
[Sun Jul 20 13:05:57.625082 2025] [core:warn] [pid 1464:tid 440] AH00098: pid file C:/xampp/apache/logs/httpd.pid overwritten -- Unclean shutdown of previous Apache run?
[Sun Jul 20 13:05:57.709532 2025] [mpm_winnt:notice] [pid 1464:tid 440] AH00455: Apache/2.4.58 (Win64) OpenSSL/3.1.3 PHP/8.2.12 configured -- resuming normal operations
[Sun Jul 20 13:05:57.709532 2025] [mpm_winnt:notice] [pid 1464:tid 440] AH00456: Apache Lounge VS17 Server built: Oct 18 2023 13:03:18
[Sun Jul 20 13:05:57.709532 2025] [core:notice] [pid 1464:tid 440] AH00094: Command line: 'c:\\xampp\\apache\\bin\\httpd.exe -d C:/xampp/apache'
[Sun Jul 20 13:05:57.709532 2025] [mpm_winnt:notice] [pid 1464:tid 440] AH00418: Parent: Created child process 9664
[Sun Jul 20 13:05:58.565034 2025] [mpm_winnt:notice] [pid 9664:tid 428] AH00354: Child: Starting 150 worker threads.
[Sun Jul 20 13:08:07.781585 2025] [mpm_winnt:crit] [pid 9664:tid 428] AH02538: Child: Parent process exited abruptly. Child process is ending
[Sun Jul 20 13:36:19.240990 2025] [core:warn] [pid 5012:tid 440] AH00098: pid file C:/xampp/apache/logs/httpd.pid overwritten -- Unclean shutdown of previous Apache run?
[Sun Jul 20 13:36:24.187053 2025] [mpm_winnt:notice] [pid 5012:tid 440] AH00455: Apache/2.4.58 (Win64) OpenSSL/3.1.3 PHP/8.2.12 configured -- resuming normal operations
[Sun Jul 20 13:36:24.187053 2025] [mpm_winnt:notice] [pid 5012:tid 440] AH00456: Apache Lounge VS17 Server built: Oct 18 2023 13:03:18
[Sun Jul 20 13:36:24.187053 2025] [core:notice] [pid 5012:tid 440] AH00094: Command line: 'c:\\xampp\\apache\\bin\\httpd.exe -d C:/xampp/apache'
[Sun Jul 20 13:36:24.187053 2025] [mpm_winnt:notice] [pid 5012:tid 440] AH00418: Parent: Created child process 3824
[Sun Jul 20 13:36:25.236672 2025] [mpm_winnt:notice] [pid 3824:tid 436] AH00354: Child: Starting 150 worker threads.
[Sun Jul 20 13:45:40.197218 2025] [core:warn] [pid 9108:tid 440] AH00098: pid file C:/xampp/apache/logs/httpd.pid overwritten -- Unclean shutdown of previous Apache run?
[Sun Jul 20 13:45:40.275324 2025] [mpm_winnt:notice] [pid 9108:tid 440] AH00455: Apache/2.4.58 (Win64) OpenSSL/3.1.3 PHP/8.2.12 configured -- resuming normal operations
[Sun Jul 20 13:45:40.275324 2025] [mpm_winnt:notice] [pid 9108:tid 440] AH00456: Apache Lounge VS17 Server built: Oct 18 2023 13:03:18
[Sun Jul 20 13:45:40.275324 2025] [core:notice] [pid 9108:tid 440] AH00094: Command line: 'c:\\xampp\\apache\\bin\\httpd.exe -d C:/xampp/apache'
[Sun Jul 20 13:45:40.275324 2025] [mpm_winnt:notice] [pid 9108:tid 440] AH00418: Parent: Created child process 13664
[Sun Jul 20 13:45:41.571930 2025] [mpm_winnt:notice] [pid 13664:tid 452] AH00354: Child: Starting 150 worker threads.
[Mon Jul 21 08:52:22.150201 2025] [core:warn] [pid 11524:tid 444] AH00098: pid file C:/xampp/apache/logs/httpd.pid overwritten -- Unclean shutdown of previous Apache run?
[Mon Jul 21 08:52:22.234821 2025] [mpm_winnt:notice] [pid 11524:tid 444] AH00455: Apache/2.4.58 (Win64) OpenSSL/3.1.3 PHP/8.2.12 configured -- resuming normal operations
[Mon Jul 21 08:52:22.234821 2025] [mpm_winnt:notice] [pid 11524:tid 444] AH00456: Apache Lounge VS17 Server built: Oct 18 2023 13:03:18
[Mon Jul 21 08:52:22.234821 2025] [core:notice] [pid 11524:tid 444] AH00094: Command line: 'c:\\xampp\\apache\\bin\\httpd.exe -d C:/xampp/apache'
[Mon Jul 21 08:52:22.266063 2025] [mpm_winnt:notice] [pid 11524:tid 444] AH00418: Parent: Created child process 7408
[Mon Jul 21 08:52:23.886509 2025] [mpm_winnt:notice] [pid 7408:tid 452] AH00354: Child: Starting 150 worker threads.
[Mon Jul 21 09:26:48.289313 2025] [core:warn] [pid 2416:tid 424] AH00098: pid file C:/xampp/apache/logs/httpd.pid overwritten -- Unclean shutdown of previous Apache run?
[Mon Jul 21 09:26:48.383053 2025] [mpm_winnt:notice] [pid 2416:tid 424] AH00455: Apache/2.4.58 (Win64) OpenSSL/3.1.3 PHP/8.2.12 configured -- resuming normal operations
[Mon Jul 21 09:26:48.383053 2025] [mpm_winnt:notice] [pid 2416:tid 424] AH00456: Apache Lounge VS17 Server built: Oct 18 2023 13:03:18
[Mon Jul 21 09:26:48.383053 2025] [core:notice] [pid 2416:tid 424] AH00094: Command line: 'c:\\xampp\\apache\\bin\\httpd.exe -d C:/xampp/apache'
[Mon Jul 21 09:26:48.436439 2025] [mpm_winnt:notice] [pid 2416:tid 424] AH00418: Parent: Created child process 12204
[Mon Jul 21 09:26:49.169473 2025] [mpm_winnt:notice] [pid 12204:tid 464] AH00354: Child: Starting 150 worker threads.
[Mon Jul 21 09:40:37.295634 2025] [core:warn] [pid 1076:tid 424] AH00098: pid file C:/xampp/apache/logs/httpd.pid overwritten -- Unclean shutdown of previous Apache run?
[Mon Jul 21 09:40:37.357855 2025] [mpm_winnt:notice] [pid 1076:tid 424] AH00455: Apache/2.4.58 (Win64) OpenSSL/3.1.3 PHP/8.2.12 configured -- resuming normal operations
[Mon Jul 21 09:40:37.357855 2025] [mpm_winnt:notice] [pid 1076:tid 424] AH00456: Apache Lounge VS17 Server built: Oct 18 2023 13:03:18
[Mon Jul 21 09:40:37.357855 2025] [core:notice] [pid 1076:tid 424] AH00094: Command line: 'c:\\xampp\\apache\\bin\\httpd.exe -d C:/xampp/apache'
[Mon Jul 21 09:40:37.357855 2025] [mpm_winnt:notice] [pid 1076:tid 424] AH00418: Parent: Created child process 14152
[Mon Jul 21 09:40:38.242614 2025] [mpm_winnt:notice] [pid 14152:tid 452] AH00354: Child: Starting 150 worker threads.
[Mon Jul 21 10:23:19.858042 2025] [core:warn] [pid 4620:tid 436] AH00098: pid file C:/xampp/apache/logs/httpd.pid overwritten -- Unclean shutdown of previous Apache run?
[Mon Jul 21 10:23:19.927130 2025] [mpm_winnt:notice] [pid 4620:tid 436] AH00455: Apache/2.4.58 (Win64) OpenSSL/3.1.3 PHP/8.2.12 configured -- resuming normal operations
[Mon Jul 21 10:23:19.927130 2025] [mpm_winnt:notice] [pid 4620:tid 436] AH00456: Apache Lounge VS17 Server built: Oct 18 2023 13:03:18
[Mon Jul 21 10:23:19.927130 2025] [core:notice] [pid 4620:tid 436] AH00094: Command line: 'c:\\xampp\\apache\\bin\\httpd.exe -d C:/xampp/apache'
[Mon Jul 21 10:23:19.942760 2025] [mpm_winnt:notice] [pid 4620:tid 436] AH00418: Parent: Created child process 11920
[Mon Jul 21 10:23:20.688565 2025] [mpm_winnt:notice] [pid 11920:tid 440] AH00354: Child: Starting 150 worker threads.
[Mon Jul 21 10:37:31.792255 2025] [core:warn] [pid 14240:tid 424] AH00098: pid file C:/xampp/apache/logs/httpd.pid overwritten -- Unclean shutdown of previous Apache run?
[Mon Jul 21 10:37:31.908119 2025] [mpm_winnt:notice] [pid 14240:tid 424] AH00455: Apache/2.4.58 (Win64) OpenSSL/3.1.3 PHP/8.2.12 configured -- resuming normal operations
[Mon Jul 21 10:37:31.908119 2025] [mpm_winnt:notice] [pid 14240:tid 424] AH00456: Apache Lounge VS17 Server built: Oct 18 2023 13:03:18
[Mon Jul 21 10:37:31.908119 2025] [core:notice] [pid 14240:tid 424] AH00094: Command line: 'c:\\xampp\\apache\\bin\\httpd.exe -d C:/xampp/apache'
[Mon Jul 21 10:37:31.939370 2025] [mpm_winnt:notice] [pid 14240:tid 424] AH00418: Parent: Created child process 7036
[Mon Jul 21 10:37:32.778781 2025] [mpm_winnt:notice] [pid 7036:tid 424] AH00354: Child: Starting 150 worker threads.
[Mon Jul 21 11:25:17.463892 2025] [core:warn] [pid 568:tid 440] AH00098: pid file C:/xampp/apache/logs/httpd.pid overwritten -- Unclean shutdown of previous Apache run?
[Mon Jul 21 11:25:17.648943 2025] [mpm_winnt:notice] [pid 568:tid 440] AH00455: Apache/2.4.58 (Win64) OpenSSL/3.1.3 PHP/8.2.12 configured -- resuming normal operations
[Mon Jul 21 11:25:17.648943 2025] [mpm_winnt:notice] [pid 568:tid 440] AH00456: Apache Lounge VS17 Server built: Oct 18 2023 13:03:18
[Mon Jul 21 11:25:17.648943 2025] [core:notice] [pid 568:tid 440] AH00094: Command line: 'c:\\xampp\\apache\\bin\\httpd.exe -d C:/xampp/apache'
[Mon Jul 21 11:25:17.733333 2025] [mpm_winnt:notice] [pid 568:tid 440] AH00418: Parent: Created child process 7368
[Mon Jul 21 11:25:18.613511 2025] [mpm_winnt:notice] [pid 7368:tid 452] AH00354: Child: Starting 150 worker threads.
[Mon Jul 21 13:39:34.967530 2025] [core:warn] [pid 2064:tid 448] AH00098: pid file C:/xampp/apache/logs/httpd.pid overwritten -- Unclean shutdown of previous Apache run?
[Mon Jul 21 13:39:35.217471 2025] [mpm_winnt:notice] [pid 2064:tid 448] AH00455: Apache/2.4.58 (Win64) OpenSSL/3.1.3 PHP/8.2.12 configured -- resuming normal operations
[Mon Jul 21 13:39:35.217471 2025] [mpm_winnt:notice] [pid 2064:tid 448] AH00456: Apache Lounge VS17 Server built: Oct 18 2023 13:03:18
[Mon Jul 21 13:39:35.217471 2025] [core:notice] [pid 2064:tid 448] AH00094: Command line: 'c:\\xampp\\apache\\bin\\httpd.exe -d C:/xampp/apache'
[Mon Jul 21 13:39:35.217471 2025] [mpm_winnt:notice] [pid 2064:tid 448] AH00418: Parent: Created child process 10300
[Mon Jul 21 13:39:36.029779 2025] [mpm_winnt:notice] [pid 10300:tid 460] AH00354: Child: Starting 150 worker threads.
[Mon Jul 21 13:57:33.779581 2025] [core:warn] [pid 10304:tid 440] AH00098: pid file C:/xampp/apache/logs/httpd.pid overwritten -- Unclean shutdown of previous Apache run?
[Mon Jul 21 13:57:33.916180 2025] [mpm_winnt:notice] [pid 10304:tid 440] AH00455: Apache/2.4.58 (Win64) OpenSSL/3.1.3 PHP/8.2.12 configured -- resuming normal operations
[Mon Jul 21 13:57:33.916180 2025] [mpm_winnt:notice] [pid 10304:tid 440] AH00456: Apache Lounge VS17 Server built: Oct 18 2023 13:03:18
[Mon Jul 21 13:57:33.916180 2025] [core:notice] [pid 10304:tid 440] AH00094: Command line: 'c:\\xampp\\apache\\bin\\httpd.exe -d C:/xampp/apache'
[Mon Jul 21 13:57:33.993969 2025] [mpm_winnt:notice] [pid 10304:tid 440] AH00418: Parent: Created child process 6772
[Mon Jul 21 13:57:34.885156 2025] [mpm_winnt:notice] [pid 6772:tid 440] AH00354: Child: Starting 150 worker threads.
[Mon Jul 21 14:21:03.388258 2025] [core:warn] [pid 1700:tid 432] AH00098: pid file C:/xampp/apache/logs/httpd.pid overwritten -- Unclean shutdown of previous Apache run?
[Mon Jul 21 14:21:07.043389 2025] [mpm_winnt:notice] [pid 1700:tid 432] AH00455: Apache/2.4.58 (Win64) OpenSSL/3.1.3 PHP/8.2.12 configured -- resuming normal operations
[Mon Jul 21 14:21:07.043389 2025] [mpm_winnt:notice] [pid 1700:tid 432] AH00456: Apache Lounge VS17 Server built: Oct 18 2023 13:03:18
[Mon Jul 21 14:21:07.043389 2025] [core:notice] [pid 1700:tid 432] AH00094: Command line: 'c:\\xampp\\apache\\bin\\httpd.exe -d C:/xampp/apache'
[Mon Jul 21 14:21:07.043389 2025] [mpm_winnt:notice] [pid 1700:tid 432] AH00418: Parent: Created child process 4656
[Mon Jul 21 14:21:07.886942 2025] [mpm_winnt:notice] [pid 4656:tid 448] AH00354: Child: Starting 150 worker threads.
[Tue Jul 22 09:00:37.744557 2025] [core:warn] [pid 7652:tid 448] AH00098: pid file C:/xampp/apache/logs/httpd.pid overwritten -- Unclean shutdown of previous Apache run?
[Tue Jul 22 09:00:37.813501 2025] [mpm_winnt:notice] [pid 7652:tid 448] AH00455: Apache/2.4.58 (Win64) OpenSSL/3.1.3 PHP/8.2.12 configured -- resuming normal operations
[Tue Jul 22 09:00:37.813501 2025] [mpm_winnt:notice] [pid 7652:tid 448] AH00456: Apache Lounge VS17 Server built: Oct 18 2023 13:03:18
[Tue Jul 22 09:00:37.813501 2025] [core:notice] [pid 7652:tid 448] AH00094: Command line: 'c:\\xampp\\apache\\bin\\httpd.exe -d C:/xampp/apache'
[Tue Jul 22 09:00:37.866902 2025] [mpm_winnt:notice] [pid 7652:tid 448] AH00418: Parent: Created child process 8280
[Tue Jul 22 09:00:38.684651 2025] [mpm_winnt:notice] [pid 8280:tid 428] AH00354: Child: Starting 150 worker threads.
[Tue Jul 22 11:11:01.853330 2025] [core:warn] [pid 10024:tid 424] AH00098: pid file C:/xampp/apache/logs/httpd.pid overwritten -- Unclean shutdown of previous Apache run?
[Tue Jul 22 11:11:04.524574 2025] [mpm_winnt:notice] [pid 10024:tid 424] AH00455: Apache/2.4.58 (Win64) OpenSSL/3.1.3 PHP/8.2.12 configured -- resuming normal operations
[Tue Jul 22 11:11:04.524574 2025] [mpm_winnt:notice] [pid 10024:tid 424] AH00456: Apache Lounge VS17 Server built: Oct 18 2023 13:03:18
[Tue Jul 22 11:11:04.524574 2025] [core:notice] [pid 10024:tid 424] AH00094: Command line: 'c:\\xampp\\apache\\bin\\httpd.exe -d C:/xampp/apache'
[Tue Jul 22 11:11:04.540196 2025] [mpm_winnt:notice] [pid 10024:tid 424] AH00418: Parent: Created child process 1792
[Tue Jul 22 11:11:05.430649 2025] [mpm_winnt:notice] [pid 1792:tid 428] AH00354: Child: Starting 150 worker threads.
[Tue Jul 22 11:11:40.217035 2025] [log_config:warn] [pid 1792:tid 1856] (OS 1392)The file or directory is corrupted and unreadable.  : [client 127.0.0.1:49759] AH00646: Error writing to logs/access.log, referer: http://localhost:8080/Lugxwebsite/public/frontend/checkout.html
[Tue Jul 22 11:11:53.951775 2025] [log_config:warn] [pid 1792:tid 1824] (OS 1392)The file or directory is corrupted and unreadable.  : [client 127.0.0.1:49765] AH00646: Error writing to logs/access.log, referer: http://localhost:8080/Lugxwebsite/public/frontend/user_addresses.html
[Tue Jul 22 11:11:53.967391 2025] [log_config:warn] [pid 1792:tid 1840] (OS 1392)The file or directory is corrupted and unreadable.  : [client 127.0.0.1:49764] AH00646: Error writing to logs/access.log, referer: http://localhost:8080/Lugxwebsite/public/frontend/user_addresses.html
[Tue Jul 22 11:11:53.967391 2025] [log_config:warn] [pid 1792:tid 1844] (OS 1392)The file or directory is corrupted and unreadable.  : [client 127.0.0.1:49763] AH00646: Error writing to logs/access.log, referer: http://localhost:8080/Lugxwebsite/public/frontend/user_addresses.html
[Tue Jul 22 11:11:53.967391 2025] [log_config:warn] [pid 1792:tid 1852] (OS 1392)The file or directory is corrupted and unreadable.  : [client 127.0.0.1:49762] AH00646: Error writing to logs/access.log, referer: http://localhost:8080/Lugxwebsite/public/frontend/user_addresses.html
[Tue Jul 22 11:12:03.186321 2025] [log_config:warn] [pid 1792:tid 1856] (OS 1392)The file or directory is corrupted and unreadable.  : [client 127.0.0.1:49761] AH00646: Error writing to logs/access.log, referer: http://localhost:8080/Lugxwebsite/public/frontend/user_addresses.html
[Tue Jul 22 11:12:07.755302 2025] [log_config:warn] [pid 1792:tid 1852] (OS 1392)The file or directory is corrupted and unreadable.  : [client 127.0.0.1:49793] AH00646: Error writing to logs/access.log, referer: http://localhost:8080/Lugxwebsite/public/frontend/user_addresses.html
[Tue Jul 22 11:12:08.268330 2025] [log_config:warn] [pid 1792:tid 1824] (OS 1392)The file or directory is corrupted and unreadable.  : [client 127.0.0.1:49794] AH00646: Error writing to logs/access.log, referer: http://localhost:8080/Lugxwebsite/public/frontend/user_addresses.html
[Tue Jul 22 11:12:08.268330 2025] [log_config:warn] [pid 1792:tid 1856] (OS 1392)The file or directory is corrupted and unreadable.  : [client 127.0.0.1:49784] AH00646: Error writing to logs/access.log, referer: http://localhost:8080/Lugxwebsite/public/assets/css/style.css
[Tue Jul 22 11:13:09.949521 2025] [log_config:warn] [pid 1792:tid 1824] (OS 1392)The file or directory is corrupted and unreadable.  : [client 127.0.0.1:49794] AH00646: Error writing to logs/access.log, referer: http://localhost:8080/Lugxwebsite/public/frontend/user_addresses.html
[Tue Jul 22 11:13:10.074490 2025] [log_config:warn] [pid 1792:tid 1852] (OS 1392)The file or directory is corrupted and unreadable.  : [client 127.0.0.1:49793] AH00646: Error writing to logs/access.log, referer: http://localhost:8080/Lugxwebsite/public/frontend/user_addresses.html
[Tue Jul 22 11:13:10.121355 2025] [log_config:warn] [pid 1792:tid 1856] (OS 1392)The file or directory is corrupted and unreadable.  : [client 127.0.0.1:49784] AH00646: Error writing to logs/access.log, referer: http://localhost:8080/Lugxwebsite/public/frontend/user_addresses.html
[Tue Jul 22 11:13:44.560576 2025] [log_config:warn] [pid 1792:tid 1864] (OS 1392)The file or directory is corrupted and unreadable.  : [client 127.0.0.1:49755] AH00646: Error writing to logs/access.log
[Tue Jul 22 11:14:06.779208 2025] [log_config:warn] [pid 1792:tid 1844] (OS 1392)The file or directory is corrupted and unreadable.  : [client 127.0.0.1:49783] AH00646: Error writing to logs/access.log
[Tue Jul 22 11:14:35.371044 2025] [log_config:warn] [pid 1792:tid 1844] (OS 1392)The file or directory is corrupted and unreadable.  : [client 127.0.0.1:49930] AH00646: Error writing to logs/access.log
[Tue Jul 22 11:14:35.417909 2025] [log_config:warn] [pid 1792:tid 1844] (OS 1392)The file or directory is corrupted and unreadable.  : [client 127.0.0.1:49930] AH00646: Error writing to logs/access.log
[Tue Jul 22 11:14:35.498293 2025] [log_config:warn] [pid 1792:tid 1844] (OS 1392)The file or directory is corrupted and unreadable.  : [client 127.0.0.1:49930] AH00646: Error writing to logs/access.log, referer: http://localhost:8080/Lugxwebsite/public/frontend/index.html
[Tue Jul 22 11:14:35.557874 2025] [log_config:warn] [pid 1792:tid 1824] (OS 1392)The file or directory is corrupted and unreadable.  : [client 127.0.0.1:49947] AH00646: Error writing to logs/access.log, referer: http://localhost:8080/Lugxwebsite/public/frontend/index.html
[Tue Jul 22 11:14:35.570838 2025] [log_config:warn] [pid 1792:tid 1852] (OS 1392)The file or directory is corrupted and unreadable.  : [client 127.0.0.1:49946] AH00646: Error writing to logs/access.log, referer: http://localhost:8080/Lugxwebsite/public/frontend/index.html
[Tue Jul 22 11:14:35.594773 2025] [log_config:warn] [pid 1792:tid 1820] (OS 1392)The file or directory is corrupted and unreadable.  : [client 127.0.0.1:49949] AH00646: Error writing to logs/access.log, referer: http://localhost:8080/Lugxwebsite/public/frontend/index.html
[Tue Jul 22 11:14:35.598762 2025] [log_config:warn] [pid 1792:tid 1844] (OS 1392)The file or directory is corrupted and unreadable.  : [client 127.0.0.1:49952] AH00646: Error writing to logs/access.log, referer: http://localhost:8080/Lugxwebsite/public/frontend/index.html
[Tue Jul 22 11:14:35.629681 2025] [log_config:warn] [pid 1792:tid 1820] (OS 1392)The file or directory is corrupted and unreadable.  : [client 127.0.0.1:49949] AH00646: Error writing to logs/access.log, referer: http://localhost:8080/Lugxwebsite/public/assets/css/style.css
[Tue Jul 22 11:14:35.661639 2025] [log_config:warn] [pid 1792:tid 1824] (OS 1392)The file or directory is corrupted and unreadable.  : [client 127.0.0.1:49947] AH00646: Error writing to logs/access.log, referer: http://localhost:8080/Lugxwebsite/public/frontend/index.html
[Tue Jul 22 11:14:35.697074 2025] [log_config:warn] [pid 1792:tid 1820] (OS 1392)The file or directory is corrupted and unreadable.  : [client 127.0.0.1:49949] AH00646: Error writing to logs/access.log, referer: http://localhost:8080/Lugxwebsite/public/assets/css/style.css
[Tue Jul 22 11:14:35.706051 2025] [log_config:warn] [pid 1792:tid 1856] (OS 1392)The file or directory is corrupted and unreadable.  : [client 127.0.0.1:49945] AH00646: Error writing to logs/access.log, referer: http://localhost:8080/Lugxwebsite/public/frontend/index.html
[Tue Jul 22 11:14:35.709040 2025] [log_config:warn] [pid 1792:tid 1844] (OS 1392)The file or directory is corrupted and unreadable.  : [client 127.0.0.1:49952] AH00646: Error writing to logs/access.log, referer: http://localhost:8080/Lugxwebsite/public/frontend/index.html
[Tue Jul 22 11:14:35.712032 2025] [log_config:warn] [pid 1792:tid 1852] (OS 1392)The file or directory is corrupted and unreadable.  : [client 127.0.0.1:49946] AH00646: Error writing to logs/access.log, referer: http://localhost:8080/Lugxwebsite/public/frontend/index.html
[Tue Jul 22 11:14:35.716022 2025] [log_config:warn] [pid 1792:tid 1824] (OS 1392)The file or directory is corrupted and unreadable.  : [client 127.0.0.1:49947] AH00646: Error writing to logs/access.log, referer: http://localhost:8080/Lugxwebsite/public/assets/css/style.css
[Tue Jul 22 11:14:35.724001 2025] [log_config:warn] [pid 1792:tid 1864] (OS 1392)The file or directory is corrupted and unreadable.  : [client 127.0.0.1:49944] AH00646: Error writing to logs/access.log, referer: http://localhost:8080/Lugxwebsite/public/frontend/index.html
[Tue Jul 22 11:14:35.730985 2025] [log_config:warn] [pid 1792:tid 1840] (OS 1392)The file or directory is corrupted and unreadable.  : [client 127.0.0.1:49948] AH00646: Error writing to logs/access.log, referer: http://localhost:8080/Lugxwebsite/public/frontend/index.html
[Tue Jul 22 11:14:35.795875 2025] [log_config:warn] [pid 1792:tid 1820] (OS 1392)The file or directory is corrupted and unreadable.  : [client 127.0.0.1:49949] AH00646: Error writing to logs/access.log, referer: http://localhost:8080/Lugxwebsite/public/assets/css/style.css
[Tue Jul 22 11:14:36.152142 2025] [log_config:warn] [pid 1792:tid 1824] (OS 1392)The file or directory is corrupted and unreadable.  : [client 127.0.0.1:49947] AH00646: Error writing to logs/access.log, referer: http://localhost:8080/Lugxwebsite/public/frontend/index.html
[Tue Jul 22 11:14:36.181065 2025] [log_config:warn] [pid 1792:tid 1852] (OS 1392)The file or directory is corrupted and unreadable.  : [client 127.0.0.1:49946] AH00646: Error writing to logs/access.log, referer: http://localhost:8080/Lugxwebsite/public/frontend/index.html
[Tue Jul 22 11:14:39.115191 2025] [log_config:warn] [pid 1792:tid 1820] (OS 1392)The file or directory is corrupted and unreadable.  : [client 127.0.0.1:49949] AH00646: Error writing to logs/access.log, referer: http://localhost:8080/Lugxwebsite/public/frontend/index.html
[Tue Jul 22 11:14:39.152092 2025] [log_config:warn] [pid 1792:tid 1856] (OS 1392)The file or directory is corrupted and unreadable.  : [client 127.0.0.1:49945] AH00646: Error writing to logs/access.log, referer: http://localhost:8080/Lugxwebsite/public/frontend/index.html
[Tue Jul 22 11:14:39.884495 2025] [log_config:warn] [pid 1792:tid 1852] (OS 1392)The file or directory is corrupted and unreadable.  : [client 127.0.0.1:49946] AH00646: Error writing to logs/access.log, referer: http://localhost:8080/Lugxwebsite/public/frontend/index.html
[Tue Jul 22 11:14:39.925386 2025] [log_config:warn] [pid 1792:tid 1824] (OS 1392)The file or directory is corrupted and unreadable.  : [client 127.0.0.1:49947] AH00646: Error writing to logs/access.log, referer: http://localhost:8080/Lugxwebsite/public/frontend/index.html
[Tue Jul 22 11:14:39.987230 2025] [log_config:warn] [pid 1792:tid 1856] (OS 1392)The file or directory is corrupted and unreadable.  : [client 127.0.0.1:49945] AH00646: Error writing to logs/access.log, referer: http://localhost:8080/Lugxwebsite/public/frontend/index.html
[Tue Jul 22 11:14:40.037089 2025] [log_config:warn] [pid 1792:tid 1820] (OS 1392)The file or directory is corrupted and unreadable.  : [client 127.0.0.1:49949] AH00646: Error writing to logs/access.log, referer: http://localhost:8080/Lugxwebsite/public/frontend/index.html
[Tue Jul 22 11:14:40.081967 2025] [log_config:warn] [pid 1792:tid 1844] (OS 1392)The file or directory is corrupted and unreadable.  : [client 127.0.0.1:49952] AH00646: Error writing to logs/access.log, referer: http://localhost:8080/Lugxwebsite/public/frontend/index.html
[Tue Jul 22 11:14:40.142805 2025] [log_config:warn] [pid 1792:tid 1852] (OS 1392)The file or directory is corrupted and unreadable.  : [client 127.0.0.1:49946] AH00646: Error writing to logs/access.log, referer: http://localhost:8080/Lugxwebsite/public/frontend/index.html
[Tue Jul 22 11:14:40.166742 2025] [log_config:warn] [pid 1792:tid 1824] (OS 1392)The file or directory is corrupted and unreadable.  : [client 127.0.0.1:49947] AH00646: Error writing to logs/access.log, referer: http://localhost:8080/Lugxwebsite/public/frontend/index.html
[Tue Jul 22 11:14:40.205636 2025] [log_config:warn] [pid 1792:tid 1840] (OS 1392)The file or directory is corrupted and unreadable.  : [client 127.0.0.1:49948] AH00646: Error writing to logs/access.log, referer: http://localhost:8080/Lugxwebsite/public/frontend/index.html
[Tue Jul 22 11:14:41.044574 2025] [log_config:warn] [pid 1792:tid 1852] (OS 1392)The file or directory is corrupted and unreadable.  : [client 127.0.0.1:49946] AH00646: Error writing to logs/access.log, referer: http://localhost:8080/Lugxwebsite/public/frontend/index.html
[Tue Jul 22 11:14:41.103417 2025] [log_config:warn] [pid 1792:tid 1824] (OS 1392)The file or directory is corrupted and unreadable.  : [client 127.0.0.1:49947] AH00646: Error writing to logs/access.log, referer: http://localhost:8080/Lugxwebsite/public/frontend/index.html
[Tue Jul 22 11:14:41.160264 2025] [log_config:warn] [pid 1792:tid 1856] (OS 1392)The file or directory is corrupted and unreadable.  : [client 127.0.0.1:49945] AH00646: Error writing to logs/access.log, referer: http://localhost:8080/Lugxwebsite/public/frontend/index.html
[Tue Jul 22 11:14:41.204147 2025] [log_config:warn] [pid 1792:tid 1820] (OS 1392)The file or directory is corrupted and unreadable.  : [client 127.0.0.1:49949] AH00646: Error writing to logs/access.log, referer: http://localhost:8080/Lugxwebsite/public/frontend/index.html
[Tue Jul 22 11:14:41.244040 2025] [log_config:warn] [pid 1792:tid 1840] (OS 1392)The file or directory is corrupted and unreadable.  : [client 127.0.0.1:49948] AH00646: Error writing to logs/access.log, referer: http://localhost:8080/Lugxwebsite/public/frontend/index.html
[Tue Jul 22 11:14:41.476982 2025] [log_config:warn] [pid 1792:tid 1844] (OS 1392)The file or directory is corrupted and unreadable.  : [client 127.0.0.1:49952] AH00646: Error writing to logs/access.log, referer: http://localhost:8080/Lugxwebsite/public/frontend/index.html
[Tue Jul 22 11:14:41.672480 2025] [log_config:warn] [pid 1792:tid 1852] (OS 1392)The file or directory is corrupted and unreadable.  : [client 127.0.0.1:49946] AH00646: Error writing to logs/access.log, referer: http://localhost:8080/Lugxwebsite/public/frontend/index.html
[Tue Jul 22 11:14:47.496137 2025] [log_config:warn] [pid 1792:tid 1852] (OS 1392)The file or directory is corrupted and unreadable.  : [client 127.0.0.1:49976] AH00646: Error writing to logs/access.log
[Tue Jul 22 11:14:50.571781 2025] [log_config:warn] [pid 1792:tid 1852] (OS 1392)The file or directory is corrupted and unreadable.  : [client 127.0.0.1:49976] AH00646: Error writing to logs/access.log, referer: http://localhost:8080/phpy
[Tue Jul 22 11:15:16.720699 2025] [log_config:warn] [pid 1792:tid 1844] (OS 1392)The file or directory is corrupted and unreadable.  : [client 127.0.0.1:49986] AH00646: Error writing to logs/access.log
[Tue Jul 22 11:15:16.763584 2025] [log_config:warn] [pid 1792:tid 1844] (OS 1392)The file or directory is corrupted and unreadable.  : [client 127.0.0.1:49986] AH00646: Error writing to logs/access.log, referer: http://localhost:8080/Lugxwebsite/public/frontend/index.html
[Tue Jul 22 11:15:16.778544 2025] [log_config:warn] [pid 1792:tid 1856] (OS 1392)The file or directory is corrupted and unreadable.  : [client 127.0.0.1:49989] AH00646: Error writing to logs/access.log, referer: http://localhost:8080/Lugxwebsite/public/frontend/index.html
[Tue Jul 22 11:15:16.803484 2025] [log_config:warn] [pid 1792:tid 1820] (OS 1392)The file or directory is corrupted and unreadable.  : [client 127.0.0.1:49988] AH00646: Error writing to logs/access.log, referer: http://localhost:8080/Lugxwebsite/public/frontend/index.html
[Tue Jul 22 11:15:16.805472 2025] [log_config:warn] [pid 1792:tid 1824] (OS 1392)The file or directory is corrupted and unreadable.  : [client 127.0.0.1:49990] AH00646: Error writing to logs/access.log, referer: http://localhost:8080/Lugxwebsite/public/frontend/index.html
[Tue Jul 22 11:15:16.815446 2025] [log_config:warn] [pid 1792:tid 1840] (OS 1392)The file or directory is corrupted and unreadable.  : [client 127.0.0.1:49987] AH00646: Error writing to logs/access.log, referer: http://localhost:8080/Lugxwebsite/public/frontend/index.html
[Tue Jul 22 11:15:16.826415 2025] [log_config:warn] [pid 1792:tid 1840] (OS 1392)The file or directory is corrupted and unreadable.  : [client 127.0.0.1:49987] AH00646: Error writing to logs/access.log, referer: http://localhost:8080/Lugxwebsite/public/frontend/index.html
[Tue Jul 22 11:15:16.835392 2025] [log_config:warn] [pid 1792:tid 1820] (OS 1392)The file or directory is corrupted and unreadable.  : [client 127.0.0.1:49988] AH00646: Error writing to logs/access.log, referer: http://localhost:8080/Lugxwebsite/public/frontend/index.html
[Tue Jul 22 11:15:16.840378 2025] [log_config:warn] [pid 1792:tid 1844] (OS 1392)The file or directory is corrupted and unreadable.  : [client 127.0.0.1:49986] AH00646: Error writing to logs/access.log, referer: http://localhost:8080/Lugxwebsite/public/frontend/index.html
[Tue Jul 22 11:15:17.844033 2025] [log_config:warn] [pid 1792:tid 1840] (OS 1392)The file or directory is corrupted and unreadable.  : [client 127.0.0.1:49987] AH00646: Error writing to logs/access.log, referer: http://localhost:8080/Lugxwebsite/public/frontend/index.html
[Tue Jul 22 11:15:17.851013 2025] [log_config:warn] [pid 1792:tid 1824] (OS 1392)The file or directory is corrupted and unreadable.  : [client 127.0.0.1:49990] AH00646: Error writing to logs/access.log, referer: http://localhost:8080/Lugxwebsite/public/frontend/index.html
[Tue Jul 22 11:15:17.861984 2025] [log_config:warn] [pid 1792:tid 1820] (OS 1392)The file or directory is corrupted and unreadable.  : [client 127.0.0.1:49988] AH00646: Error writing to logs/access.log, referer: http://localhost:8080/Lugxwebsite/public/frontend/index.html
[Tue Jul 22 11:15:17.861984 2025] [log_config:warn] [pid 1792:tid 1856] (OS 1392)The file or directory is corrupted and unreadable.  : [client 127.0.0.1:49989] AH00646: Error writing to logs/access.log, referer: http://localhost:8080/Lugxwebsite/public/frontend/index.html
[Tue Jul 22 11:15:17.897888 2025] [log_config:warn] [pid 1792:tid 1856] (OS 1392)The file or directory is corrupted and unreadable.  : [client 127.0.0.1:49989] AH00646: Error writing to logs/access.log, referer: http://localhost:8080/Lugxwebsite/public/frontend/index.html
[Tue Jul 22 11:15:17.905866 2025] [log_config:warn] [pid 1792:tid 1820] (OS 1392)The file or directory is corrupted and unreadable.  : [client 127.0.0.1:49988] AH00646: Error writing to logs/access.log, referer: http://localhost:8080/Lugxwebsite/public/assets/css/style.css
[Tue Jul 22 11:15:17.906864 2025] [log_config:warn] [pid 1792:tid 1840] (OS 1392)The file or directory is corrupted and unreadable.  : [client 127.0.0.1:49987] AH00646: Error writing to logs/access.log, referer: http://localhost:8080/Lugxwebsite/public/frontend/index.html
[Tue Jul 22 11:15:17.909855 2025] [log_config:warn] [pid 1792:tid 1824] (OS 1392)The file or directory is corrupted and unreadable.  : [client 127.0.0.1:49990] AH00646: Error writing to logs/access.log, referer: http://localhost:8080/Lugxwebsite/public/frontend/index.html
[Tue Jul 22 11:15:17.909855 2025] [log_config:warn] [pid 1792:tid 1844] (OS 1392)The file or directory is corrupted and unreadable.  : [client 127.0.0.1:49986] AH00646: Error writing to logs/access.log, referer: http://localhost:8080/Lugxwebsite/public/frontend/index.html
[Tue Jul 22 11:15:17.937782 2025] [log_config:warn] [pid 1792:tid 1856] (OS 1392)The file or directory is corrupted and unreadable.  : [client 127.0.0.1:49989] AH00646: Error writing to logs/access.log, referer: http://localhost:8080/Lugxwebsite/public/assets/css/style.css
[Tue Jul 22 11:15:17.962715 2025] [log_config:warn] [pid 1792:tid 1820] (OS 1392)The file or directory is corrupted and unreadable.  : [client 127.0.0.1:49988] AH00646: Error writing to logs/access.log, referer: http://localhost:8080/Lugxwebsite/public/assets/css/style.css
[Tue Jul 22 11:15:17.994630 2025] [log_config:warn] [pid 1792:tid 1840] (OS 1392)The file or directory is corrupted and unreadable.  : [client 127.0.0.1:49987] AH00646: Error writing to logs/access.log, referer: http://localhost:8080/Lugxwebsite/public/assets/css/style.css
[Tue Jul 22 11:15:18.031531 2025] [log_config:warn] [pid 1792:tid 1844] (OS 1392)The file or directory is corrupted and unreadable.  : [client 127.0.0.1:49986] AH00646: Error writing to logs/access.log, referer: http://localhost:8080/Lugxwebsite/public/frontend/index.html
[Tue Jul 22 11:15:18.055467 2025] [log_config:warn] [pid 1792:tid 1856] (OS 1392)The file or directory is corrupted and unreadable.  : [client 127.0.0.1:49989] AH00646: Error writing to logs/access.log, referer: http://localhost:8080/Lugxwebsite/public/frontend/index.html
[Tue Jul 22 11:15:18.111318 2025] [log_config:warn] [pid 1792:tid 1820] (OS 1392)The file or directory is corrupted and unreadable.  : [client 127.0.0.1:49988] AH00646: Error writing to logs/access.log, referer: http://localhost:8080/Lugxwebsite/public/frontend/index.html
[Tue Jul 22 11:15:18.192101 2025] [log_config:warn] [pid 1792:tid 1840] (OS 1392)The file or directory is corrupted and unreadable.  : [client 127.0.0.1:49987] AH00646: Error writing to logs/access.log, referer: http://localhost:8080/Lugxwebsite/public/frontend/index.html
[Tue Jul 22 11:15:18.216037 2025] [log_config:warn] [pid 1792:tid 1856] (OS 1392)The file or directory is corrupted and unreadable.  : [client 127.0.0.1:49989] AH00646: Error writing to logs/access.log, referer: http://localhost:8080/Lugxwebsite/public/frontend/index.html
[Tue Jul 22 11:15:18.291834 2025] [log_config:warn] [pid 1792:tid 1820] (OS 1392)The file or directory is corrupted and unreadable.  : [client 127.0.0.1:49988] AH00646: Error writing to logs/access.log, referer: http://localhost:8080/Lugxwebsite/public/frontend/index.html
[Tue Jul 22 11:15:18.355664 2025] [log_config:warn] [pid 1792:tid 1824] (OS 1392)The file or directory is corrupted and unreadable.  : [client 127.0.0.1:49990] AH00646: Error writing to logs/access.log, referer: http://localhost:8080/Lugxwebsite/public/frontend/index.html
[Tue Jul 22 11:15:18.407525 2025] [log_config:warn] [pid 1792:tid 1840] (OS 1392)The file or directory is corrupted and unreadable.  : [client 127.0.0.1:49987] AH00646: Error writing to logs/access.log, referer: http://localhost:8080/Lugxwebsite/public/frontend/index.html
[Tue Jul 22 11:15:18.453402 2025] [log_config:warn] [pid 1792:tid 1856] (OS 1392)The file or directory is corrupted and unreadable.  : [client 127.0.0.1:49989] AH00646: Error writing to logs/access.log, referer: http://localhost:8080/Lugxwebsite/public/frontend/index.html
[Tue Jul 22 11:15:18.545158 2025] [log_config:warn] [pid 1792:tid 1844] (OS 1392)The file or directory is corrupted and unreadable.  : [client 127.0.0.1:49986] AH00646: Error writing to logs/access.log, referer: http://localhost:8080/Lugxwebsite/public/frontend/index.html
[Tue Jul 22 11:15:18.604996 2025] [log_config:warn] [pid 1792:tid 1840] (OS 1392)The file or directory is corrupted and unreadable.  : [client 127.0.0.1:49987] AH00646: Error writing to logs/access.log, referer: http://localhost:8080/Lugxwebsite/public/frontend/index.html
[Tue Jul 22 11:15:18.669824 2025] [log_config:warn] [pid 1792:tid 1824] (OS 1392)The file or directory is corrupted and unreadable.  : [client 127.0.0.1:49990] AH00646: Error writing to logs/access.log, referer: http://localhost:8080/Lugxwebsite/public/frontend/index.html
[Tue Jul 22 11:15:18.721685 2025] [log_config:warn] [pid 1792:tid 1856] (OS 1392)The file or directory is corrupted and unreadable.  : [client 127.0.0.1:49989] AH00646: Error writing to logs/access.log, referer: http://localhost:8080/Lugxwebsite/public/frontend/index.html
[Tue Jul 22 11:15:18.777545 2025] [log_config:warn] [pid 1792:tid 1820] (OS 1392)The file or directory is corrupted and unreadable.  : [client 127.0.0.1:49988] AH00646: Error writing to logs/access.log, referer: http://localhost:8080/Lugxwebsite/public/frontend/index.html
[Tue Jul 22 11:15:18.809450 2025] [log_config:warn] [pid 1792:tid 1844] (OS 1392)The file or directory is corrupted and unreadable.  : [client 127.0.0.1:49986] AH00646: Error writing to logs/access.log, referer: http://localhost:8080/Lugxwebsite/public/frontend/index.html
[Tue Jul 22 11:15:18.955685 2025] [log_config:warn] [pid 1792:tid 1856] (OS 1392)The file or directory is corrupted and unreadable.  : [client 127.0.0.1:49989] AH00646: Error writing to logs/access.log, referer: http://localhost:8080/Lugxwebsite/public/frontend/index.html
[Tue Jul 22 11:15:19.604580 2025] [log_config:warn] [pid 1792:tid 1856] (OS 1392)The file or directory is corrupted and unreadable.  : [client 127.0.0.1:49989] AH00646: Error writing to logs/access.log, referer: http://localhost:8080/Lugxwebsite/public/frontend/index.html
[Tue Jul 22 11:15:23.763206 2025] [log_config:warn] [pid 1792:tid 1852] (OS 1392)The file or directory is corrupted and unreadable.  : [client 127.0.0.1:49983] AH00646: Error writing to logs/access.log
[Tue Jul 22 11:15:23.811544 2025] [log_config:warn] [pid 1792:tid 1856] (OS 1392)The file or directory is corrupted and unreadable.  : [client 127.0.0.1:49989] AH00646: Error writing to logs/access.log
[Tue Jul 22 11:15:23.915831 2025] [log_config:warn] [pid 1792:tid 1840] (OS 1392)The file or directory is corrupted and unreadable.  : [client 127.0.0.1:50008] AH00646: Error writing to logs/access.log
[Tue Jul 22 11:15:23.919820 2025] [log_config:warn] [pid 1792:tid 1864] (OS 1392)The file or directory is corrupted and unreadable.  : [client 127.0.0.1:50010] AH00646: Error writing to logs/access.log
[Tue Jul 22 11:15:24.089948 2025] [log_config:warn] [pid 1792:tid 1840] (OS 1392)The file or directory is corrupted and unreadable.  : [client 127.0.0.1:50008] AH00646: Error writing to logs/access.log
[Tue Jul 22 11:15:24.099921 2025] [log_config:warn] [pid 1792:tid 1844] (OS 1392)The file or directory is corrupted and unreadable.  : [client 127.0.0.1:49986] AH00646: Error writing to logs/access.log
[Tue Jul 22 11:15:24.106903 2025] [log_config:warn] [pid 1792:tid 1820] (OS 1392)The file or directory is corrupted and unreadable.  : [client 127.0.0.1:49988] AH00646: Error writing to logs/access.log
[Tue Jul 22 11:15:24.129842 2025] [log_config:warn] [pid 1792:tid 1824] (OS 1392)The file or directory is corrupted and unreadable.  : [client 127.0.0.1:50007] AH00646: Error writing to logs/access.log
[Tue Jul 22 11:15:24.201655 2025] [log_config:warn] [pid 1792:tid 1864] (OS 1392)The file or directory is corrupted and unreadable.  : [client 127.0.0.1:50010] AH00646: Error writing to logs/access.log
[Tue Jul 22 11:15:24.385135 2025] [log_config:warn] [pid 1792:tid 1856] (OS 1392)The file or directory is corrupted and unreadable.  : [client 127.0.0.1:49989] AH00646: Error writing to logs/access.log
[Tue Jul 22 11:15:24.393109 2025] [log_config:warn] [pid 1792:tid 1864] (OS 1392)The file or directory is corrupted and unreadable.  : [client 127.0.0.1:50010] AH00646: Error writing to logs/access.log
[Tue Jul 22 11:15:24.399091 2025] [log_config:warn] [pid 1792:tid 1840] (OS 1392)The file or directory is corrupted and unreadable.  : [client 127.0.0.1:50008] AH00646: Error writing to logs/access.log
[Tue Jul 22 11:15:25.131302 2025] [log_config:warn] [pid 1792:tid 1840] (OS 1392)The file or directory is corrupted and unreadable.  : [client 127.0.0.1:50008] AH00646: Error writing to logs/access.log
[Tue Jul 22 11:15:25.338471 2025] [log_config:warn] [pid 1792:tid 1856] (OS 1392)The file or directory is corrupted and unreadable.  : [client 127.0.0.1:49989] AH00646: Error writing to logs/access.log, referer: http://localhost:8080/Lugxwebsite/public/frontend/index.html
[Tue Jul 22 11:15:25.667390 2025] [log_config:warn] [pid 1792:tid 1844] (OS 1392)The file or directory is corrupted and unreadable.  : [client 127.0.0.1:50015] AH00646: Error writing to logs/access.log, referer: http://localhost:8080/phpmyadmin/themes/pmahomme/css/theme.css?v=5.2.1
[Tue Jul 22 11:15:25.675369 2025] [log_config:warn] [pid 1792:tid 1820] (OS 1392)The file or directory is corrupted and unreadable.  : [client 127.0.0.1:50014] AH00646: Error writing to logs/access.log, referer: http://localhost:8080/phpmyadmin/themes/pmahomme/css/theme.css?v=5.2.1
[Tue Jul 22 11:15:25.680357 2025] [log_config:warn] [pid 1792:tid 1840] (OS 1392)The file or directory is corrupted and unreadable.  : [client 127.0.0.1:50008] AH00646: Error writing to logs/access.log, referer: http://localhost:8080/phpmyadmin/themes/pmahomme/css/theme.css?v=5.2.1
[Tue Jul 22 11:15:25.753662 2025] [log_config:warn] [pid 1792:tid 1824] (OS 1392)The file or directory is corrupted and unreadable.  : [client 127.0.0.1:50013] AH00646: Error writing to logs/access.log, referer: http://localhost:8080/phpmyadmin/themes/pmahomme/css/theme.css?v=5.2.1
[Tue Jul 22 11:15:25.768622 2025] [log_config:warn] [pid 1792:tid 1864] (OS 1392)The file or directory is corrupted and unreadable.  : [client 127.0.0.1:50010] AH00646: Error writing to logs/access.log, referer: http://localhost:8080/phpmyadmin/themes/pmahomme/css/theme.css?v=5.2.1
[Tue Jul 22 11:15:25.777597 2025] [log_config:warn] [pid 1792:tid 1856] (OS 1392)The file or directory is corrupted and unreadable.  : [client 127.0.0.1:49989] AH00646: Error writing to logs/access.log, referer: http://localhost:8080/phpmyadmin/themes/pmahomme/css/theme.css?v=5.2.1
[Tue Jul 22 11:15:25.992277 2025] [log_config:warn] [pid 1792:tid 1824] (OS 1392)The file or directory is corrupted and unreadable.  : [client 127.0.0.1:50013] AH00646: Error writing to logs/access.log, referer: http://localhost:8080/phpmyadmin/themes/pmahomme/css/theme.css?v=5.2.1
[Tue Jul 22 11:15:26.144439 2025] [log_config:warn] [pid 1792:tid 1844] (OS 1392)The file or directory is corrupted and unreadable.  : [client 127.0.0.1:50015] AH00646: Error writing to logs/access.log, referer: http://localhost:8080/phpmyadmin/themes/pmahomme/css/theme.css?v=5.2.1
[Tue Jul 22 11:15:26.152418 2025] [log_config:warn] [pid 1792:tid 1820] (OS 1392)The file or directory is corrupted and unreadable.  : [client 127.0.0.1:50014] AH00646: Error writing to logs/access.log, referer: http://localhost:8080/phpmyadmin/themes/pmahomme/css/theme.css?v=5.2.1
[Tue Jul 22 11:15:26.166380 2025] [log_config:warn] [pid 1792:tid 1856] (OS 1392)The file or directory is corrupted and unreadable.  : [client 127.0.0.1:49989] AH00646: Error writing to logs/access.log, referer: http://localhost:8080/phpmyadmin/themes/pmahomme/css/theme.css?v=5.2.1
[Tue Jul 22 11:15:26.186327 2025] [log_config:warn] [pid 1792:tid 1840] (OS 1392)The file or directory is corrupted and unreadable.  : [client 127.0.0.1:50008] AH00646: Error writing to logs/access.log, referer: http://localhost:8080/phpmyadmin/themes/pmahomme/css/theme.css?v=5.2.1
[Tue Jul 22 11:15:26.202284 2025] [log_config:warn] [pid 1792:tid 1864] (OS 1392)The file or directory is corrupted and unreadable.  : [client 127.0.0.1:50010] AH00646: Error writing to logs/access.log, referer: http://localhost:8080/phpmyadmin/themes/pmahomme/css/theme.css?v=5.2.1
[Tue Jul 22 11:15:26.214253 2025] [log_config:warn] [pid 1792:tid 1824] (OS 1392)The file or directory is corrupted and unreadable.  : [client 127.0.0.1:50013] AH00646: Error writing to logs/access.log, referer: http://localhost:8080/Lugxwebsite/public/frontend/login.html
[Tue Jul 22 11:15:26.293042 2025] [log_config:warn] [pid 1792:tid 1844] (OS 1392)The file or directory is corrupted and unreadable.  : [client 127.0.0.1:50015] AH00646: Error writing to logs/access.log, referer: http://localhost:8080/Lugxwebsite/public/frontend/login.html
[Tue Jul 22 11:15:26.343906 2025] [log_config:warn] [pid 1792:tid 1844] (OS 1392)The file or directory is corrupted and unreadable.  : [client 127.0.0.1:50015] AH00646: Error writing to logs/access.log, referer: http://localhost:8080/Lugxwebsite/public/frontend/login.html
[Tue Jul 22 11:15:26.368839 2025] [log_config:warn] [pid 1792:tid 1844] (OS 1392)The file or directory is corrupted and unreadable.  : [client 127.0.0.1:50015] AH00646: Error writing to logs/access.log, referer: http://localhost:8080/phpmyadmin/themes/pmahomme/css/theme.css?v=5.2.1
[Tue Jul 22 11:15:26.477411 2025] [log_config:warn] [pid 1792:tid 1844] (OS 1392)The file or directory is corrupted and unreadable.  : [client 127.0.0.1:50015] AH00646: Error writing to logs/access.log, referer: http://localhost:8080/phpmyadmin/themes/pmahomme/css/theme.css?v=5.2.1
[Tue Jul 22 11:15:26.483394 2025] [log_config:warn] [pid 1792:tid 1844] (OS 1392)The file or directory is corrupted and unreadable.  : [client 127.0.0.1:50015] AH00646: Error writing to logs/access.log, referer: http://localhost:8080/phpmyadmin/themes/pmahomme/css/theme.css?v=5.2.1
[Tue Jul 22 11:15:26.500351 2025] [log_config:warn] [pid 1792:tid 1844] (OS 1392)The file or directory is corrupted and unreadable.  : [client 127.0.0.1:50015] AH00646: Error writing to logs/access.log, referer: http://localhost:8080/phpmyadmin/themes/pmahomme/css/theme.css?v=5.2.1
[Tue Jul 22 11:15:26.512321 2025] [log_config:warn] [pid 1792:tid 1844] (OS 1392)The file or directory is corrupted and unreadable.  : [client 127.0.0.1:50015] AH00646: Error writing to logs/access.log, referer: http://localhost:8080/phpmyadmin/themes/pmahomme/css/theme.css?v=5.2.1
[Tue Jul 22 11:15:26.518300 2025] [log_config:warn] [pid 1792:tid 1844] (OS 1392)The file or directory is corrupted and unreadable.  : [client 127.0.0.1:50015] AH00646: Error writing to logs/access.log, referer: http://localhost:8080/phpmyadmin/themes/pmahomme/css/theme.css?v=5.2.1
[Tue Jul 22 11:15:26.580224 2025] [log_config:warn] [pid 1792:tid 1844] (OS 1392)The file or directory is corrupted and unreadable.  : [client 127.0.0.1:50015] AH00646: Error writing to logs/access.log, referer: http://localhost:8080/phpmyadmin/themes/pmahomme/css/theme.css?v=5.2.1
[Tue Jul 22 11:15:26.619140 2025] [log_config:warn] [pid 1792:tid 1844] (OS 1392)The file or directory is corrupted and unreadable.  : [client 127.0.0.1:50015] AH00646: Error writing to logs/access.log, referer: http://localhost:8080/phpmyadmin/themes/pmahomme/css/theme.css?v=5.2.1
[Tue Jul 22 11:15:26.628118 2025] [log_config:warn] [pid 1792:tid 1844] (OS 1392)The file or directory is corrupted and unreadable.  : [client 127.0.0.1:50015] AH00646: Error writing to logs/access.log, referer: http://localhost:8080/phpmyadmin/themes/pmahomme/css/theme.css?v=5.2.1
[Tue Jul 22 11:15:26.641569 2025] [log_config:warn] [pid 1792:tid 1844] (OS 1392)The file or directory is corrupted and unreadable.  : [client 127.0.0.1:50015] AH00646: Error writing to logs/access.log, referer: http://localhost:8080/phpmyadmin/themes/pmahomme/css/theme.css?v=5.2.1
[Tue Jul 22 11:15:26.666113 2025] [log_config:warn] [pid 1792:tid 1844] (OS 1392)The file or directory is corrupted and unreadable.  : [client 127.0.0.1:50015] AH00646: Error writing to logs/access.log, referer: http://localhost:8080/phpmyadmin/themes/pmahomme/css/theme.css?v=5.2.1
[Tue Jul 22 11:15:26.684095 2025] [log_config:warn] [pid 1792:tid 1844] (OS 1392)The file or directory is corrupted and unreadable.  : [client 127.0.0.1:50015] AH00646: Error writing to logs/access.log, referer: http://localhost:8080/phpmyadmin/themes/pmahomme/css/theme.css?v=5.2.1
[Tue Jul 22 11:15:26.692608 2025] [log_config:warn] [pid 1792:tid 1844] (OS 1392)The file or directory is corrupted and unreadable.  : [client 127.0.0.1:50015] AH00646: Error writing to logs/access.log, referer: http://localhost:8080/phpmyadmin/themes/pmahomme/css/theme.css?v=5.2.1
[Tue Jul 22 11:15:26.736123 2025] [log_config:warn] [pid 1792:tid 1844] (OS 1392)The file or directory is corrupted and unreadable.  : [client 127.0.0.1:50015] AH00646: Error writing to logs/access.log, referer: http://localhost:8080/phpmyadmin/themes/pmahomme/css/theme.css?v=5.2.1
[Tue Jul 22 11:15:26.765044 2025] [log_config:warn] [pid 1792:tid 1844] (OS 1392)The file or directory is corrupted and unreadable.  : [client 127.0.0.1:50015] AH00646: Error writing to logs/access.log, referer: http://localhost:8080/phpmyadmin/themes/pmahomme/css/theme.css?v=5.2.1
[Tue Jul 22 11:15:26.798991 2025] [log_config:warn] [pid 1792:tid 1856] (OS 1392)The file or directory is corrupted and unreadable.  : [client 127.0.0.1:49989] AH00646: Error writing to logs/access.log
[Tue Jul 22 11:15:26.809962 2025] [log_config:warn] [pid 1792:tid 1856] (OS 1392)The file or directory is corrupted and unreadable.  : [client 127.0.0.1:49989] AH00646: Error writing to logs/access.log, referer: http://localhost:8080/phpmyadmin/themes/pmahomme/css/theme.css?v=5.2.1
[Tue Jul 22 11:15:26.816944 2025] [log_config:warn] [pid 1792:tid 1844] (OS 1392)The file or directory is corrupted and unreadable.  : [client 127.0.0.1:50015] AH00646: Error writing to logs/access.log, referer: http://localhost:8080/phpmyadmin/themes/pmahomme/css/theme.css?v=5.2.1
[Tue Jul 22 11:15:30.546532 2025] [log_config:warn] [pid 1792:tid 1824] (OS 1392)The file or directory is corrupted and unreadable.  : [client 127.0.0.1:50013] AH00646: Error writing to logs/access.log
[Tue Jul 22 11:15:32.675365 2025] [log_config:warn] [pid 1792:tid 1864] (OS 1392)The file or directory is corrupted and unreadable.  : [client 127.0.0.1:50010] AH00646: Error writing to logs/access.log
[Tue Jul 22 11:15:32.821565 2025] [log_config:warn] [pid 1792:tid 1820] (OS 1392)The file or directory is corrupted and unreadable.  : [client 127.0.0.1:50014] AH00646: Error writing to logs/access.log
[Tue Jul 22 11:15:33.309467 2025] [log_config:warn] [pid 1792:tid 1840] (OS 1392)The file or directory is corrupted and unreadable.  : [client 127.0.0.1:50008] AH00646: Error writing to logs/access.log
[Tue Jul 22 11:15:33.677334 2025] [log_config:warn] [pid 1792:tid 1864] (OS 1392)The file or directory is corrupted and unreadable.  : [client 127.0.0.1:50010] AH00646: Error writing to logs/access.log
[Tue Jul 22 11:15:49.656849 2025] [log_config:warn] [pid 1792:tid 1864] (OS 1392)The file or directory is corrupted and unreadable.  : [client 127.0.0.1:50039] AH00646: Error writing to logs/access.log, referer: http://localhost:8080/Lugxwebsite/public/frontend/login.html
[Tue Jul 22 11:15:51.259660 2025] [log_config:warn] [pid 1792:tid 1864] (OS 1392)The file or directory is corrupted and unreadable.  : [client 127.0.0.1:50039] AH00646: Error writing to logs/access.log, referer: http://localhost:8080/Lugxwebsite/public/frontend/login.html
[Tue Jul 22 11:15:51.356344 2025] [log_config:warn] [pid 1792:tid 1840] (OS 1392)The file or directory is corrupted and unreadable.  : [client 127.0.0.1:50041] AH00646: Error writing to logs/access.log, referer: http://localhost:8080/Lugxwebsite/public/frontend/user_dashboard.html
[Tue Jul 22 11:15:51.395729 2025] [log_config:warn] [pid 1792:tid 1824] (OS 1392)The file or directory is corrupted and unreadable.  : [client 127.0.0.1:50043] AH00646: Error writing to logs/access.log, referer: http://localhost:8080/Lugxwebsite/public/frontend/user_dashboard.html
[Tue Jul 22 11:15:51.421662 2025] [log_config:warn] [pid 1792:tid 1820] (OS 1392)The file or directory is corrupted and unreadable.  : [client 127.0.0.1:50042] AH00646: Error writing to logs/access.log, referer: http://localhost:8080/Lugxwebsite/public/frontend/user_dashboard.html
[Tue Jul 22 11:15:51.537742 2025] [log_config:warn] [pid 1792:tid 1824] (OS 1392)The file or directory is corrupted and unreadable.  : [client 127.0.0.1:50043] AH00646: Error writing to logs/access.log, referer: http://localhost:8080/Lugxwebsite/public/frontend/user_dashboard.html
[Tue Jul 22 11:15:51.571652 2025] [log_config:warn] [pid 1792:tid 1840] (OS 1392)The file or directory is corrupted and unreadable.  : [client 127.0.0.1:50041] AH00646: Error writing to logs/access.log, referer: http://localhost:8080/Lugxwebsite/public/frontend/user_dashboard.html
[Tue Jul 22 11:15:51.611545 2025] [log_config:warn] [pid 1792:tid 1844] (OS 1392)The file or directory is corrupted and unreadable.  : [client 127.0.0.1:50044] AH00646: Error writing to logs/access.log, referer: http://localhost:8080/Lugxwebsite/public/frontend/user_dashboard.html
[Tue Jul 22 11:15:51.937307 2025] [log_config:warn] [pid 1792:tid 1856] (OS 1392)The file or directory is corrupted and unreadable.  : [client 127.0.0.1:50045] AH00646: Error writing to logs/access.log, referer: http://localhost:8080/Lugxwebsite/public/frontend/user_dashboard.html
[Tue Jul 22 11:15:51.968224 2025] [log_config:warn] [pid 1792:tid 1824] (OS 1392)The file or directory is corrupted and unreadable.  : [client 127.0.0.1:50043] AH00646: Error writing to logs/access.log, referer: http://localhost:8080/Lugxwebsite/public/frontend/user_dashboard.html
[Tue Jul 22 11:15:52.026072 2025] [log_config:warn] [pid 1792:tid 1820] (OS 1392)The file or directory is corrupted and unreadable.  : [client 127.0.0.1:50042] AH00646: Error writing to logs/access.log, referer: http://localhost:8080/Lugxwebsite/public/frontend/user_dashboard.html
[Tue Jul 22 11:15:52.671178 2025] [log_config:warn] [pid 1792:tid 1840] (OS 1392)The file or directory is corrupted and unreadable.  : [client 127.0.0.1:50041] AH00646: Error writing to logs/access.log, referer: http://localhost:8080/Lugxwebsite/public/frontend/user_dashboard.html
[Tue Jul 22 11:15:53.062912 2025] [log_config:warn] [pid 1792:tid 1824] (OS 1392)The file or directory is corrupted and unreadable.  : [client 127.0.0.1:50043] AH00646: Error writing to logs/access.log, referer: http://localhost:8080/phpmyadmin/themes/pmahomme/css/theme.css?v=5.2.1
[Tue Jul 22 11:15:57.407829 2025] [log_config:warn] [pid 1792:tid 1864] (OS 1392)The file or directory is corrupted and unreadable.  : [client 127.0.0.1:50039] AH00646: Error writing to logs/access.log
[Tue Jul 22 11:15:57.417126 2025] [log_config:warn] [pid 1792:tid 1840] (OS 1392)The file or directory is corrupted and unreadable.  : [client 127.0.0.1:50041] AH00646: Error writing to logs/access.log, referer: http://localhost:8080/phpmyadmin/themes/pmahomme/css/theme.css?v=5.2.1
[Tue Jul 22 11:15:57.422111 2025] [log_config:warn] [pid 1792:tid 1844] (OS 1392)The file or directory is corrupted and unreadable.  : [client 127.0.0.1:50063] AH00646: Error writing to logs/access.log, referer: http://localhost:8080/phpmyadmin/themes/pmahomme/css/theme.css?v=5.2.1
[Tue Jul 22 11:15:57.427097 2025] [log_config:warn] [pid 1792:tid 1820] (OS 1392)The file or directory is corrupted and unreadable.  : [client 127.0.0.1:50061] AH00646: Error writing to logs/access.log, referer: http://localhost:8080/phpmyadmin/themes/pmahomme/css/theme.css?v=5.2.1
[Tue Jul 22 11:15:57.434079 2025] [log_config:warn] [pid 1792:tid 1856] (OS 1392)The file or directory is corrupted and unreadable.  : [client 127.0.0.1:50062] AH00646: Error writing to logs/access.log, referer: http://localhost:8080/phpmyadmin/themes/pmahomme/css/theme.css?v=5.2.1
[Tue Jul 22 11:15:57.560522 2025] [log_config:warn] [pid 1792:tid 1820] (OS 1392)The file or directory is corrupted and unreadable.  : [client 127.0.0.1:50061] AH00646: Error writing to logs/access.log, referer: http://localhost:8080/phpmyadmin/themes/pmahomme/css/theme.css?v=5.2.1
[Tue Jul 22 11:15:57.584468 2025] [log_config:warn] [pid 1792:tid 1844] (OS 1392)The file or directory is corrupted and unreadable.  : [client 127.0.0.1:50063] AH00646: Error writing to logs/access.log, referer: http://localhost:8080/phpmyadmin/themes/pmahomme/css/theme.css?v=5.2.1
[Tue Jul 22 11:15:57.600427 2025] [log_config:warn] [pid 1792:tid 1864] (OS 1392)The file or directory is corrupted and unreadable.  : [client 127.0.0.1:50039] AH00646: Error writing to logs/access.log, referer: http://localhost:8080/phpmyadmin/themes/pmahomme/css/theme.css?v=5.2.1
[Tue Jul 22 11:15:57.609391 2025] [log_config:warn] [pid 1792:tid 1820] (OS 1392)The file or directory is corrupted and unreadable.  : [client 127.0.0.1:50061] AH00646: Error writing to logs/access.log, referer: http://localhost:8080/phpmyadmin/themes/pmahomme/css/theme.css?v=5.2.1
[Tue Jul 22 11:15:57.623354 2025] [log_config:warn] [pid 1792:tid 1840] (OS 1392)The file or directory is corrupted and unreadable.  : [client 127.0.0.1:50041] AH00646: Error writing to logs/access.log, referer: http://localhost:8080/phpmyadmin/themes/pmahomme/css/theme.css?v=5.2.1
[Tue Jul 22 11:15:57.633328 2025] [log_config:warn] [pid 1792:tid 1844] (OS 1392)The file or directory is corrupted and unreadable.  : [client 127.0.0.1:50063] AH00646: Error writing to logs/access.log, referer: http://localhost:8080/phpmyadmin/themes/pmahomme/css/theme.css?v=5.2.1
[Tue Jul 22 11:15:57.640309 2025] [log_config:warn] [pid 1792:tid 1864] (OS 1392)The file or directory is corrupted and unreadable.  : [client 127.0.0.1:50039] AH00646: Error writing to logs/access.log, referer: http://localhost:8080/phpmyadmin/themes/pmahomme/css/theme.css?v=5.2.1
[Tue Jul 22 11:15:57.651280 2025] [log_config:warn] [pid 1792:tid 1820] (OS 1392)The file or directory is corrupted and unreadable.  : [client 127.0.0.1:50061] AH00646: Error writing to logs/access.log, referer: http://localhost:8080/phpmyadmin/themes/pmahomme/css/theme.css?v=5.2.1
[Tue Jul 22 11:15:57.659258 2025] [log_config:warn] [pid 1792:tid 1840] (OS 1392)The file or directory is corrupted and unreadable.  : [client 127.0.0.1:50041] AH00646: Error writing to logs/access.log, referer: http://localhost:8080/phpmyadmin/themes/pmahomme/css/theme.css?v=5.2.1
[Tue Jul 22 11:15:57.668233 2025] [log_config:warn] [pid 1792:tid 1864] (OS 1392)The file or directory is corrupted and unreadable.  : [client 127.0.0.1:50039] AH00646: Error writing to logs/access.log, referer: http://localhost:8080/phpmyadmin/themes/pmahomme/css/theme.css?v=5.2.1
[Tue Jul 22 11:15:57.677210 2025] [log_config:warn] [pid 1792:tid 1844] (OS 1392)The file or directory is corrupted and unreadable.  : [client 127.0.0.1:50063] AH00646: Error writing to logs/access.log, referer: http://localhost:8080/phpmyadmin/themes/pmahomme/css/theme.css?v=5.2.1
[Tue Jul 22 11:15:57.709124 2025] [log_config:warn] [pid 1792:tid 1820] (OS 1392)The file or directory is corrupted and unreadable.  : [client 127.0.0.1:50061] AH00646: Error writing to logs/access.log, referer: http://localhost:8080/phpmyadmin/themes/pmahomme/css/theme.css?v=5.2.1
[Tue Jul 22 11:15:57.721101 2025] [log_config:warn] [pid 1792:tid 1840] (OS 1392)The file or directory is corrupted and unreadable.  : [client 127.0.0.1:50041] AH00646: Error writing to logs/access.log, referer: http://localhost:8080/phpmyadmin/themes/pmahomme/css/theme.css?v=5.2.1
[Tue Jul 22 11:15:57.733061 2025] [log_config:warn] [pid 1792:tid 1840] (OS 1392)The file or directory is corrupted and unreadable.  : [client 127.0.0.1:50041] AH00646: Error writing to logs/access.log, referer: http://localhost:8080/phpmyadmin/themes/pmahomme/css/theme.css?v=5.2.1
[Tue Jul 22 11:15:57.739044 2025] [log_config:warn] [pid 1792:tid 1844] (OS 1392)The file or directory is corrupted and unreadable.  : [client 127.0.0.1:50063] AH00646: Error writing to logs/access.log, referer: http://localhost:8080/phpmyadmin/themes/pmahomme/css/theme.css?v=5.2.1
[Tue Jul 22 11:15:57.750016 2025] [log_config:warn] [pid 1792:tid 1820] (OS 1392)The file or directory is corrupted and unreadable.  : [client 127.0.0.1:50061] AH00646: Error writing to logs/access.log
[Tue Jul 22 11:15:57.757995 2025] [log_config:warn] [pid 1792:tid 1864] (OS 1392)The file or directory is corrupted and unreadable.  : [client 127.0.0.1:50039] AH00646: Error writing to logs/access.log, referer: http://localhost:8080/phpmyadmin/themes/pmahomme/css/theme.css?v=5.2.1
[Tue Jul 22 11:15:57.768965 2025] [log_config:warn] [pid 1792:tid 1844] (OS 1392)The file or directory is corrupted and unreadable.  : [client 127.0.0.1:50063] AH00646: Error writing to logs/access.log, referer: http://localhost:8080/phpmyadmin/themes/pmahomme/css/theme.css?v=5.2.1
[Tue Jul 22 11:15:57.782927 2025] [log_config:warn] [pid 1792:tid 1824] (OS 1392)The file or directory is corrupted and unreadable.  : [client 127.0.0.1:50043] AH00646: Error writing to logs/access.log
[Tue Jul 22 11:15:57.792901 2025] [log_config:warn] [pid 1792:tid 1864] (OS 1392)The file or directory is corrupted and unreadable.  : [client 127.0.0.1:50039] AH00646: Error writing to logs/access.log, referer: http://localhost:8080/phpmyadmin/themes/pmahomme/css/theme.css?v=5.2.1
[Tue Jul 22 11:15:59.288406 2025] [log_config:warn] [pid 1792:tid 1840] (OS 1392)The file or directory is corrupted and unreadable.  : [client 127.0.0.1:50041] AH00646: Error writing to logs/access.log, referer: http://localhost:8080/phpmyadmin/themes/pmahomme/css/theme.css?v=5.2.1
[Tue Jul 22 11:16:42.833154 2025] [log_config:warn] [pid 1792:tid 1856] (OS 1392)The file or directory is corrupted and unreadable.  : [client 127.0.0.1:50062] AH00646: Error writing to logs/access.log
[Tue Jul 22 11:16:43.395522 2025] [log_config:warn] [pid 1792:tid 1824] (OS 1392)The file or directory is corrupted and unreadable.  : [client 127.0.0.1:50043] AH00646: Error writing to logs/access.log
[Tue Jul 22 11:19:51.439480 2025] [log_config:warn] [pid 1792:tid 1824] (OS 1392)The file or directory is corrupted and unreadable.  : [client 127.0.0.1:50227] AH00646: Error writing to logs/access.log
[Tue Jul 22 11:19:51.455101 2025] [log_config:warn] [pid 1792:tid 1824] (OS 1392)The file or directory is corrupted and unreadable.  : [client 127.0.0.1:50227] AH00646: Error writing to logs/access.log
[Tue Jul 22 11:19:51.729725 2025] [log_config:warn] [pid 1792:tid 1824] (OS 1392)The file or directory is corrupted and unreadable.  : [client 127.0.0.1:50231] AH00646: Error writing to logs/access.log, referer: http://localhost:8080/Lugxwebsite/public/frontend/index.html
[Tue Jul 22 11:19:51.730722 2025] [log_config:warn] [pid 1792:tid 1856] (OS 1392)The file or directory is corrupted and unreadable.  : [client 127.0.0.1:50232] AH00646: Error writing to logs/access.log, referer: http://localhost:8080/Lugxwebsite/public/frontend/index.html
[Tue Jul 22 11:19:51.736708 2025] [log_config:warn] [pid 1792:tid 1840] (OS 1392)The file or directory is corrupted and unreadable.  : [client 127.0.0.1:50233] AH00646: Error writing to logs/access.log, referer: http://localhost:8080/Lugxwebsite/public/frontend/index.html
[Tue Jul 22 11:19:51.743688 2025] [log_config:warn] [pid 1792:tid 1864] (OS 1392)The file or directory is corrupted and unreadable.  : [client 127.0.0.1:50234] AH00646: Error writing to logs/access.log, referer: http://localhost:8080/Lugxwebsite/public/frontend/index.html
[Tue Jul 22 11:19:51.749672 2025] [log_config:warn] [pid 1792:tid 1844] (OS 1392)The file or directory is corrupted and unreadable.  : [client 127.0.0.1:50236] AH00646: Error writing to logs/access.log, referer: http://localhost:8080/Lugxwebsite/public/frontend/index.html
[Tue Jul 22 11:19:51.755656 2025] [log_config:warn] [pid 1792:tid 1852] (OS 1392)The file or directory is corrupted and unreadable.  : [client 127.0.0.1:50238] AH00646: Error writing to logs/access.log, referer: http://localhost:8080/Lugxwebsite/public/frontend/index.html
[Tue Jul 22 11:19:51.763635 2025] [log_config:warn] [pid 1792:tid 1820] (OS 1392)The file or directory is corrupted and unreadable.  : [client 127.0.0.1:50237] AH00646: Error writing to logs/access.log, referer: http://localhost:8080/Lugxwebsite/public/frontend/index.html
[Tue Jul 22 11:19:51.770615 2025] [log_config:warn] [pid 1792:tid 1812] (OS 1392)The file or directory is corrupted and unreadable.  : [client 127.0.0.1:50239] AH00646: Error writing to logs/access.log, referer: http://localhost:8080/Lugxwebsite/public/frontend/index.html
[Tue Jul 22 11:19:51.777598 2025] [log_config:warn] [pid 1792:tid 1808] (OS 1392)The file or directory is corrupted and unreadable.  : [client 127.0.0.1:50240] AH00646: Error writing to logs/access.log, referer: http://localhost:8080/Lugxwebsite/public/frontend/index.html
[Tue Jul 22 11:19:51.783582 2025] [log_config:warn] [pid 1792:tid 1800] (OS 1392)The file or directory is corrupted and unreadable.  : [client 127.0.0.1:50245] AH00646: Error writing to logs/access.log, referer: http://localhost:8080/Lugxwebsite/public/frontend/index.html
[Tue Jul 22 11:19:51.805522 2025] [log_config:warn] [pid 1792:tid 1800] (OS 1392)The file or directory is corrupted and unreadable.  : [client 127.0.0.1:50249] AH00646: Error writing to logs/access.log, referer: http://localhost:8080/Lugxwebsite/public/assets/css/style.css
[Tue Jul 22 11:19:52.620648 2025] [log_config:warn] [pid 1792:tid 1820] (OS 1392)The file or directory is corrupted and unreadable.  : [client 127.0.0.1:50259] AH00646: Error writing to logs/access.log, referer: http://localhost:8080/Lugxwebsite/public/frontend/index.html
[Tue Jul 22 11:19:52.658547 2025] [log_config:warn] [pid 1792:tid 1812] (OS 1392)The file or directory is corrupted and unreadable.  : [client 127.0.0.1:50258] AH00646: Error writing to logs/access.log, referer: http://localhost:8080/Lugxwebsite/public/frontend/index.html
[Tue Jul 22 11:19:52.693453 2025] [log_config:warn] [pid 1792:tid 1808] (OS 1392)The file or directory is corrupted and unreadable.  : [client 127.0.0.1:50257] AH00646: Error writing to logs/access.log, referer: http://localhost:8080/Lugxwebsite/public/frontend/index.html
[Tue Jul 22 11:19:52.985394 2025] [log_config:warn] [pid 1792:tid 1800] (OS 1392)The file or directory is corrupted and unreadable.  : [client 127.0.0.1:50256] AH00646: Error writing to logs/access.log, referer: http://localhost:8080/Lugxwebsite/public/frontend/index.html
[Tue Jul 22 11:19:53.034273 2025] [log_config:warn] [pid 1792:tid 1820] (OS 1392)The file or directory is corrupted and unreadable.  : [client 127.0.0.1:50259] AH00646: Error writing to logs/access.log, referer: http://localhost:8080/Lugxwebsite/public/frontend/index.html
[Tue Jul 22 11:19:53.247452 2025] [log_config:warn] [pid 1792:tid 1812] (OS 1392)The file or directory is corrupted and unreadable.  : [client 127.0.0.1:50258] AH00646: Error writing to logs/access.log, referer: http://localhost:8080/Lugxwebsite/public/frontend/index.html
[Tue Jul 22 11:19:53.309285 2025] [log_config:warn] [pid 1792:tid 1808] (OS 1392)The file or directory is corrupted and unreadable.  : [client 127.0.0.1:50257] AH00646: Error writing to logs/access.log, referer: http://localhost:8080/Lugxwebsite/public/frontend/index.html
[Tue Jul 22 11:19:53.350179 2025] [log_config:warn] [pid 1792:tid 1852] (OS 1392)The file or directory is corrupted and unreadable.  : [client 127.0.0.1:50263] AH00646: Error writing to logs/access.log, referer: http://localhost:8080/Lugxwebsite/public/frontend/index.html
[Tue Jul 22 11:19:53.474816 2025] [log_config:warn] [pid 1792:tid 1844] (OS 1392)The file or directory is corrupted and unreadable.  : [client 127.0.0.1:50264] AH00646: Error writing to logs/access.log, referer: http://localhost:8080/Lugxwebsite/public/frontend/index.html
[Tue Jul 22 11:19:53.510719 2025] [log_config:warn] [pid 1792:tid 1800] (OS 1392)The file or directory is corrupted and unreadable.  : [client 127.0.0.1:50256] AH00646: Error writing to logs/access.log, referer: http://localhost:8080/Lugxwebsite/public/frontend/index.html
[Tue Jul 22 11:19:53.774414 2025] [log_config:warn] [pid 1792:tid 1844] (OS 1392)The file or directory is corrupted and unreadable.  : [client 127.0.0.1:50264] AH00646: Error writing to logs/access.log, referer: http://localhost:8080/Lugxwebsite/public/frontend/index.html
[Tue Jul 22 11:19:53.821288 2025] [log_config:warn] [pid 1792:tid 1820] (OS 1392)The file or directory is corrupted and unreadable.  : [client 127.0.0.1:50259] AH00646: Error writing to logs/access.log, referer: http://localhost:8080/Lugxwebsite/public/frontend/index.html
[Tue Jul 22 11:19:53.861182 2025] [log_config:warn] [pid 1792:tid 1808] (OS 1392)The file or directory is corrupted and unreadable.  : [client 127.0.0.1:50257] AH00646: Error writing to logs/access.log, referer: http://localhost:8080/Lugxwebsite/public/frontend/index.html
[Tue Jul 22 11:19:53.898083 2025] [log_config:warn] [pid 1792:tid 1812] (OS 1392)The file or directory is corrupted and unreadable.  : [client 127.0.0.1:50258] AH00646: Error writing to logs/access.log, referer: http://localhost:8080/Lugxwebsite/public/frontend/index.html
[Tue Jul 22 11:19:53.953933 2025] [log_config:warn] [pid 1792:tid 1852] (OS 1392)The file or directory is corrupted and unreadable.  : [client 127.0.0.1:50263] AH00646: Error writing to logs/access.log, referer: http://localhost:8080/Lugxwebsite/public/frontend/index.html
[Tue Jul 22 11:19:53.981859 2025] [log_config:warn] [pid 1792:tid 1800] (OS 1392)The file or directory is corrupted and unreadable.  : [client 127.0.0.1:50256] AH00646: Error writing to logs/access.log, referer: http://localhost:8080/Lugxwebsite/public/frontend/index.html
[Tue Jul 22 11:19:54.067338 2025] [log_config:warn] [pid 1792:tid 1844] (OS 1392)The file or directory is corrupted and unreadable.  : [client 127.0.0.1:50264] AH00646: Error writing to logs/access.log, referer: http://localhost:8080/Lugxwebsite/public/frontend/index.html
[Tue Jul 22 11:19:58.549343 2025] [log_config:warn] [pid 1792:tid 1800] (OS 1392)The file or directory is corrupted and unreadable.  : [client 127.0.0.1:50268] AH00646: Error writing to logs/access.log
[Tue Jul 22 11:19:58.600906 2025] [log_config:warn] [pid 1792:tid 1800] (OS 1392)The file or directory is corrupted and unreadable.  : [client 127.0.0.1:50268] AH00646: Error writing to logs/access.log, referer: http://localhost:8080/Lugxwebsite/public/frontend/index.html
[Tue Jul 22 11:19:58.615866 2025] [log_config:warn] [pid 1792:tid 1844] (OS 1392)The file or directory is corrupted and unreadable.  : [client 127.0.0.1:50269] AH00646: Error writing to logs/access.log, referer: http://localhost:8080/Lugxwebsite/public/frontend/index.html
[Tue Jul 22 11:19:58.624841 2025] [log_config:warn] [pid 1792:tid 1808] (OS 1392)The file or directory is corrupted and unreadable.  : [client 127.0.0.1:50270] AH00646: Error writing to logs/access.log, referer: http://localhost:8080/Lugxwebsite/public/frontend/index.html
[Tue Jul 22 11:19:58.630825 2025] [log_config:warn] [pid 1792:tid 1812] (OS 1392)The file or directory is corrupted and unreadable.  : [client 127.0.0.1:50271] AH00646: Error writing to logs/access.log, referer: http://localhost:8080/Lugxwebsite/public/frontend/index.html
[Tue Jul 22 11:19:58.635812 2025] [log_config:warn] [pid 1792:tid 1820] (OS 1392)The file or directory is corrupted and unreadable.  : [client 127.0.0.1:50272] AH00646: Error writing to logs/access.log, referer: http://localhost:8080/Lugxwebsite/public/frontend/index.html
[Tue Jul 22 11:19:58.641794 2025] [log_config:warn] [pid 1792:tid 1852] (OS 1392)The file or directory is corrupted and unreadable.  : [client 127.0.0.1:50273] AH00646: Error writing to logs/access.log, referer: http://localhost:8080/Lugxwebsite/public/frontend/index.html
[Tue Jul 22 11:19:58.646782 2025] [log_config:warn] [pid 1792:tid 1800] (OS 1392)The file or directory is corrupted and unreadable.  : [client 127.0.0.1:50268] AH00646: Error writing to logs/access.log, referer: http://localhost:8080/Lugxwebsite/public/frontend/index.html
[Tue Jul 22 11:19:58.651769 2025] [log_config:warn] [pid 1792:tid 1844] (OS 1392)The file or directory is corrupted and unreadable.  : [client 127.0.0.1:50269] AH00646: Error writing to logs/access.log, referer: http://localhost:8080/Lugxwebsite/public/frontend/index.html
[Tue Jul 22 11:19:58.657752 2025] [log_config:warn] [pid 1792:tid 1808] (OS 1392)The file or directory is corrupted and unreadable.  : [client 127.0.0.1:50270] AH00646: Error writing to logs/access.log, referer: http://localhost:8080/Lugxwebsite/public/frontend/index.html
[Tue Jul 22 11:19:58.661742 2025] [log_config:warn] [pid 1792:tid 1812] (OS 1392)The file or directory is corrupted and unreadable.  : [client 127.0.0.1:50271] AH00646: Error writing to logs/access.log, referer: http://localhost:8080/Lugxwebsite/public/frontend/index.html
[Tue Jul 22 11:19:58.665730 2025] [log_config:warn] [pid 1792:tid 1820] (OS 1392)The file or directory is corrupted and unreadable.  : [client 127.0.0.1:50272] AH00646: Error writing to logs/access.log, referer: http://localhost:8080/Lugxwebsite/public/frontend/index.html
[Tue Jul 22 11:19:58.668727 2025] [log_config:warn] [pid 1792:tid 1852] (OS 1392)The file or directory is corrupted and unreadable.  : [client 127.0.0.1:50273] AH00646: Error writing to logs/access.log, referer: http://localhost:8080/Lugxwebsite/public/frontend/index.html
[Tue Jul 22 11:19:58.673709 2025] [log_config:warn] [pid 1792:tid 1800] (OS 1392)The file or directory is corrupted and unreadable.  : [client 127.0.0.1:50268] AH00646: Error writing to logs/access.log, referer: http://localhost:8080/Lugxwebsite/public/frontend/index.html
[Tue Jul 22 11:19:58.676701 2025] [log_config:warn] [pid 1792:tid 1844] (OS 1392)The file or directory is corrupted and unreadable.  : [client 127.0.0.1:50269] AH00646: Error writing to logs/access.log, referer: http://localhost:8080/Lugxwebsite/public/frontend/index.html
[Tue Jul 22 11:20:03.934563 2025] [log_config:warn] [pid 1792:tid 1852] (OS 1392)The file or directory is corrupted and unreadable.  : [client 127.0.0.1:50286] AH00646: Error writing to logs/access.log, referer: http://localhost:8080/Lugxwebsite/public/frontend/index.html
[Tue Jul 22 11:20:03.944627 2025] [log_config:warn] [pid 1792:tid 1800] (OS 1392)The file or directory is corrupted and unreadable.  : [client 127.0.0.1:50285] AH00646: Error writing to logs/access.log, referer: http://localhost:8080/Lugxwebsite/public/frontend/index.html
[Tue Jul 22 11:20:03.954700 2025] [log_config:warn] [pid 1792:tid 1812] (OS 1392)The file or directory is corrupted and unreadable.  : [client 127.0.0.1:50290] AH00646: Error writing to logs/access.log, referer: http://localhost:8080/Lugxwebsite/public/assets/css/style.css
[Tue Jul 22 11:20:03.984971 2025] [log_config:warn] [pid 1792:tid 1820] (OS 1392)The file or directory is corrupted and unreadable.  : [client 127.0.0.1:50288] AH00646: Error writing to logs/access.log, referer: http://localhost:8080/Lugxwebsite/public/assets/css/style.css
[Tue Jul 22 11:20:04.005121 2025] [log_config:warn] [pid 1792:tid 1808] (OS 1392)The file or directory is corrupted and unreadable.  : [client 127.0.0.1:50289] AH00646: Error writing to logs/access.log, referer: http://localhost:8080/Lugxwebsite/public/assets/css/style.css
[Tue Jul 22 11:20:04.025249 2025] [log_config:warn] [pid 1792:tid 1852] (OS 1392)The file or directory is corrupted and unreadable.  : [client 127.0.0.1:50286] AH00646: Error writing to logs/access.log, referer: http://localhost:8080/Lugxwebsite/public/assets/css/style.css
[Tue Jul 22 11:20:04.045425 2025] [log_config:warn] [pid 1792:tid 1844] (OS 1392)The file or directory is corrupted and unreadable.  : [client 127.0.0.1:50287] AH00646: Error writing to logs/access.log, referer: http://localhost:8080/Lugxwebsite/public/frontend/index.html
[Tue Jul 22 11:20:04.282184 2025] [log_config:warn] [pid 1792:tid 1808] (OS 1392)The file or directory is corrupted and unreadable.  : [client 127.0.0.1:50289] AH00646: Error writing to logs/access.log, referer: http://localhost:8080/Lugxwebsite/public/frontend/index.html
[Tue Jul 22 11:20:04.351185 2025] [log_config:warn] [pid 1792:tid 1820] (OS 1392)The file or directory is corrupted and unreadable.  : [client 127.0.0.1:50288] AH00646: Error writing to logs/access.log, referer: http://localhost:8080/Lugxwebsite/public/frontend/index.html
[Tue Jul 22 11:20:04.426745 2025] [log_config:warn] [pid 1792:tid 1852] (OS 1392)The file or directory is corrupted and unreadable.  : [client 127.0.0.1:50286] AH00646: Error writing to logs/access.log, referer: http://localhost:8080/Lugxwebsite/public/frontend/index.html
[Tue Jul 22 11:20:04.558704 2025] [log_config:warn] [pid 1792:tid 1844] (OS 1392)The file or directory is corrupted and unreadable.  : [client 127.0.0.1:50287] AH00646: Error writing to logs/access.log, referer: http://localhost:8080/Lugxwebsite/public/frontend/index.html
[Tue Jul 22 11:20:04.659768 2025] [log_config:warn] [pid 1792:tid 1808] (OS 1392)The file or directory is corrupted and unreadable.  : [client 127.0.0.1:50289] AH00646: Error writing to logs/access.log, referer: http://localhost:8080/Lugxwebsite/public/frontend/index.html
[Tue Jul 22 11:20:04.770656 2025] [log_config:warn] [pid 1792:tid 1812] (OS 1392)The file or directory is corrupted and unreadable.  : [client 127.0.0.1:50290] AH00646: Error writing to logs/access.log, referer: http://localhost:8080/Lugxwebsite/public/frontend/index.html
[Tue Jul 22 11:20:04.856368 2025] [log_config:warn] [pid 1792:tid 1820] (OS 1392)The file or directory is corrupted and unreadable.  : [client 127.0.0.1:50288] AH00646: Error writing to logs/access.log, referer: http://localhost:8080/Lugxwebsite/public/frontend/index.html
[Tue Jul 22 11:20:04.928177 2025] [log_config:warn] [pid 1792:tid 1800] (OS 1392)The file or directory is corrupted and unreadable.  : [client 127.0.0.1:50285] AH00646: Error writing to logs/access.log, referer: http://localhost:8080/Lugxwebsite/public/frontend/index.html
[Tue Jul 22 11:20:05.143600 2025] [log_config:warn] [pid 1792:tid 1852] (OS 1392)The file or directory is corrupted and unreadable.  : [client 127.0.0.1:50286] AH00646: Error writing to logs/access.log, referer: http://localhost:8080/Lugxwebsite/public/frontend/index.html
[Tue Jul 22 11:20:05.205434 2025] [log_config:warn] [pid 1792:tid 1844] (OS 1392)The file or directory is corrupted and unreadable.  : [client 127.0.0.1:50287] AH00646: Error writing to logs/access.log, referer: http://localhost:8080/Lugxwebsite/public/frontend/index.html
[Tue Jul 22 11:20:05.271259 2025] [log_config:warn] [pid 1792:tid 1808] (OS 1392)The file or directory is corrupted and unreadable.  : [client 127.0.0.1:50289] AH00646: Error writing to logs/access.log, referer: http://localhost:8080/Lugxwebsite/public/frontend/index.html
[Tue Jul 22 11:20:05.296192 2025] [log_config:warn] [pid 1792:tid 1812] (OS 1392)The file or directory is corrupted and unreadable.  : [client 127.0.0.1:50290] AH00646: Error writing to logs/access.log, referer: http://localhost:8080/Lugxwebsite/public/frontend/index.html
[Tue Jul 22 11:20:05.400912 2025] [log_config:warn] [pid 1792:tid 1852] (OS 1392)The file or directory is corrupted and unreadable.  : [client 127.0.0.1:50286] AH00646: Error writing to logs/access.log, referer: http://localhost:8080/Lugxwebsite/public/frontend/index.html
[Tue Jul 22 11:20:05.588411 2025] [log_config:warn] [pid 1792:tid 1852] (OS 1392)The file or directory is corrupted and unreadable.  : [client 127.0.0.1:50286] AH00646: Error writing to logs/access.log, referer: http://localhost:8080/Lugxwebsite/public/frontend/index.html
[Tue Jul 22 11:20:43.023591 2025] [log_config:warn] [pid 1792:tid 1852] (OS 1392)The file or directory is corrupted and unreadable.  : [client 127.0.0.1:50343] AH00646: Error writing to logs/access.log
[Tue Jul 22 11:20:43.828182 2025] [log_config:warn] [pid 1792:tid 1852] (OS 1392)The file or directory is corrupted and unreadable.  : [client 127.0.0.1:50343] AH00646: Error writing to logs/access.log
[Tue Jul 22 11:20:43.859417 2025] [log_config:warn] [pid 1792:tid 1812] (OS 1392)The file or directory is corrupted and unreadable.  : [client 127.0.0.1:50364] AH00646: Error writing to logs/access.log
[Tue Jul 22 11:20:43.890660 2025] [log_config:warn] [pid 1792:tid 1844] (OS 1392)The file or directory is corrupted and unreadable.  : [client 127.0.0.1:50366] AH00646: Error writing to logs/access.log
[Tue Jul 22 11:20:43.906281 2025] [log_config:warn] [pid 1792:tid 1808] (OS 1392)The file or directory is corrupted and unreadable.  : [client 127.0.0.1:50365] AH00646: Error writing to logs/access.log
[Tue Jul 22 11:21:01.761150 2025] [log_config:warn] [pid 1792:tid 1808] (OS 1392)The file or directory is corrupted and unreadable.  : [client 127.0.0.1:50384] AH00646: Error writing to logs/access.log
[Tue Jul 22 11:21:01.854899 2025] [log_config:warn] [pid 1792:tid 1808] (OS 1392)The file or directory is corrupted and unreadable.  : [client 127.0.0.1:50384] AH00646: Error writing to logs/access.log, referer: http://localhost:8080/Lugxwebsite/public/frontend/index.html
[Tue Jul 22 11:21:01.858889 2025] [log_config:warn] [pid 1792:tid 1852] (OS 1392)The file or directory is corrupted and unreadable.  : [client 127.0.0.1:50393] AH00646: Error writing to logs/access.log, referer: http://localhost:8080/Lugxwebsite/public/frontend/index.html
[Tue Jul 22 11:21:01.865870 2025] [log_config:warn] [pid 1792:tid 1800] (OS 1392)The file or directory is corrupted and unreadable.  : [client 127.0.0.1:50394] AH00646: Error writing to logs/access.log, referer: http://localhost:8080/Lugxwebsite/public/frontend/index.html
[Tue Jul 22 11:21:01.871854 2025] [log_config:warn] [pid 1792:tid 1812] (OS 1392)The file or directory is corrupted and unreadable.  : [client 127.0.0.1:50392] AH00646: Error writing to logs/access.log, referer: http://localhost:8080/Lugxwebsite/public/frontend/index.html
[Tue Jul 22 11:21:01.877839 2025] [log_config:warn] [pid 1792:tid 1820] (OS 1392)The file or directory is corrupted and unreadable.  : [client 127.0.0.1:50395] AH00646: Error writing to logs/access.log, referer: http://localhost:8080/Lugxwebsite/public/frontend/index.html
[Tue Jul 22 11:21:01.884819 2025] [log_config:warn] [pid 1792:tid 1844] (OS 1392)The file or directory is corrupted and unreadable.  : [client 127.0.0.1:50391] AH00646: Error writing to logs/access.log, referer: http://localhost:8080/Lugxwebsite/public/frontend/index.html
[Tue Jul 22 11:21:01.891801 2025] [log_config:warn] [pid 1792:tid 1808] (OS 1392)The file or directory is corrupted and unreadable.  : [client 127.0.0.1:50384] AH00646: Error writing to logs/access.log, referer: http://localhost:8080/Lugxwebsite/public/frontend/index.html
[Tue Jul 22 11:21:01.899779 2025] [log_config:warn] [pid 1792:tid 1812] (OS 1392)The file or directory is corrupted and unreadable.  : [client 127.0.0.1:50392] AH00646: Error writing to logs/access.log, referer: http://localhost:8080/Lugxwebsite/public/frontend/index.html
[Tue Jul 22 11:21:10.140317 2025] [log_config:warn] [pid 1792:tid 1800] (OS 1392)The file or directory is corrupted and unreadable.  : [client 127.0.0.1:50437] AH00646: Error writing to logs/access.log, referer: http://localhost:8080/Lugxwebsite/public/frontend/index.html
[Tue Jul 22 11:21:10.146301 2025] [log_config:warn] [pid 1792:tid 1852] (OS 1392)The file or directory is corrupted and unreadable.  : [client 127.0.0.1:50436] AH00646: Error writing to logs/access.log, referer: http://localhost:8080/Lugxwebsite/public/frontend/index.html
[Tue Jul 22 11:21:10.153281 2025] [log_config:warn] [pid 1792:tid 1844] (OS 1392)The file or directory is corrupted and unreadable.  : [client 127.0.0.1:50432] AH00646: Error writing to logs/access.log, referer: http://localhost:8080/Lugxwebsite/public/frontend/index.html
[Tue Jul 22 11:21:10.159269 2025] [log_config:warn] [pid 1792:tid 1808] (OS 1392)The file or directory is corrupted and unreadable.  : [client 127.0.0.1:50434] AH00646: Error writing to logs/access.log, referer: http://localhost:8080/Lugxwebsite/public/frontend/index.html
[Tue Jul 22 11:21:10.165254 2025] [log_config:warn] [pid 1792:tid 1812] (OS 1392)The file or directory is corrupted and unreadable.  : [client 127.0.0.1:50433] AH00646: Error writing to logs/access.log, referer: http://localhost:8080/Lugxwebsite/public/frontend/index.html
[Tue Jul 22 11:21:10.175223 2025] [log_config:warn] [pid 1792:tid 1820] (OS 1392)The file or directory is corrupted and unreadable.  : [client 127.0.0.1:50435] AH00646: Error writing to logs/access.log, referer: http://localhost:8080/Lugxwebsite/public/frontend/index.html
[Tue Jul 22 11:21:10.183204 2025] [log_config:warn] [pid 1792:tid 1800] (OS 1392)The file or directory is corrupted and unreadable.  : [client 127.0.0.1:50437] AH00646: Error writing to logs/access.log, referer: http://localhost:8080/Lugxwebsite/public/frontend/index.html
[Tue Jul 22 11:21:10.194174 2025] [log_config:warn] [pid 1792:tid 1852] (OS 1392)The file or directory is corrupted and unreadable.  : [client 127.0.0.1:50436] AH00646: Error writing to logs/access.log, referer: http://localhost:8080/Lugxwebsite/public/frontend/index.html
[Tue Jul 22 11:21:10.202151 2025] [log_config:warn] [pid 1792:tid 1844] (OS 1392)The file or directory is corrupted and unreadable.  : [client 127.0.0.1:50432] AH00646: Error writing to logs/access.log, referer: http://localhost:8080/Lugxwebsite/public/frontend/index.html
[Tue Jul 22 11:21:10.214120 2025] [log_config:warn] [pid 1792:tid 1852] (OS 1392)The file or directory is corrupted and unreadable.  : [client 127.0.0.1:50436] AH00646: Error writing to logs/access.log, referer: http://localhost:8080/Lugxwebsite/public/assets/css/style.css
[Tue Jul 22 11:21:10.221104 2025] [log_config:warn] [pid 1792:tid 1812] (OS 1392)The file or directory is corrupted and unreadable.  : [client 127.0.0.1:50433] AH00646: Error writing to logs/access.log, referer: http://localhost:8080/Lugxwebsite/public/assets/css/style.css
[Tue Jul 22 11:21:10.229079 2025] [log_config:warn] [pid 1792:tid 1800] (OS 1392)The file or directory is corrupted and unreadable.  : [client 127.0.0.1:50437] AH00646: Error writing to logs/access.log, referer: http://localhost:8080/Lugxwebsite/public/assets/css/style.css
[Tue Jul 22 11:21:10.238056 2025] [log_config:warn] [pid 1792:tid 1852] (OS 1392)The file or directory is corrupted and unreadable.  : [client 127.0.0.1:50436] AH00646: Error writing to logs/access.log, referer: http://localhost:8080/Lugxwebsite/public/assets/css/style.css
[Tue Jul 22 11:21:11.151613 2025] [log_config:warn] [pid 1792:tid 1852] (OS 1392)The file or directory is corrupted and unreadable.  : [client 127.0.0.1:50436] AH00646: Error writing to logs/access.log, referer: http://localhost:8080/Lugxwebsite/public/frontend/index.html
[Tue Jul 22 11:21:11.175548 2025] [log_config:warn] [pid 1792:tid 1812] (OS 1392)The file or directory is corrupted and unreadable.  : [client 127.0.0.1:50433] AH00646: Error writing to logs/access.log, referer: http://localhost:8080/Lugxwebsite/public/frontend/index.html
[Tue Jul 22 11:21:11.183526 2025] [log_config:warn] [pid 1792:tid 1800] (OS 1392)The file or directory is corrupted and unreadable.  : [client 127.0.0.1:50437] AH00646: Error writing to logs/access.log, referer: http://localhost:8080/Lugxwebsite/public/frontend/index.html
[Tue Jul 22 11:21:11.260322 2025] [log_config:warn] [pid 1792:tid 1852] (OS 1392)The file or directory is corrupted and unreadable.  : [client 127.0.0.1:50436] AH00646: Error writing to logs/access.log, referer: http://localhost:8080/Lugxwebsite/public/frontend/index.html
[Tue Jul 22 11:21:11.375054 2025] [log_config:warn] [pid 1792:tid 1820] (OS 1392)The file or directory is corrupted and unreadable.  : [client 127.0.0.1:50435] AH00646: Error writing to logs/access.log, referer: http://localhost:8080/Lugxwebsite/public/frontend/index.html
[Tue Jul 22 11:21:11.394003 2025] [log_config:warn] [pid 1792:tid 1800] (OS 1392)The file or directory is corrupted and unreadable.  : [client 127.0.0.1:50437] AH00646: Error writing to logs/access.log, referer: http://localhost:8080/Lugxwebsite/public/frontend/index.html
[Tue Jul 22 11:21:11.399987 2025] [log_config:warn] [pid 1792:tid 1812] (OS 1392)The file or directory is corrupted and unreadable.  : [client 127.0.0.1:50433] AH00646: Error writing to logs/access.log, referer: http://localhost:8080/Lugxwebsite/public/frontend/index.html
[Tue Jul 22 11:21:11.411956 2025] [log_config:warn] [pid 1792:tid 1844] (OS 1392)The file or directory is corrupted and unreadable.  : [client 127.0.0.1:50432] AH00646: Error writing to logs/access.log, referer: http://localhost:8080/Lugxwebsite/public/frontend/index.html
[Tue Jul 22 11:21:11.424720 2025] [log_config:warn] [pid 1792:tid 1808] (OS 1392)The file or directory is corrupted and unreadable.  : [client 127.0.0.1:50434] AH00646: Error writing to logs/access.log, referer: http://localhost:8080/Lugxwebsite/public/frontend/index.html
[Tue Jul 22 11:21:11.561214 2025] [log_config:warn] [pid 1792:tid 1820] (OS 1392)The file or directory is corrupted and unreadable.  : [client 127.0.0.1:50435] AH00646: Error writing to logs/access.log, referer: http://localhost:8080/Lugxwebsite/public/frontend/index.html
[Tue Jul 22 11:21:11.568195 2025] [log_config:warn] [pid 1792:tid 1852] (OS 1392)The file or directory is corrupted and unreadable.  : [client 127.0.0.1:50436] AH00646: Error writing to logs/access.log, referer: http://localhost:8080/Lugxwebsite/public/frontend/index.html
[Tue Jul 22 11:21:11.576174 2025] [log_config:warn] [pid 1792:tid 1812] (OS 1392)The file or directory is corrupted and unreadable.  : [client 127.0.0.1:50433] AH00646: Error writing to logs/access.log, referer: http://localhost:8080/Lugxwebsite/public/frontend/index.html
[Tue Jul 22 11:21:11.606094 2025] [log_config:warn] [pid 1792:tid 1800] (OS 1392)The file or directory is corrupted and unreadable.  : [client 127.0.0.1:50437] AH00646: Error writing to logs/access.log, referer: http://localhost:8080/Lugxwebsite/public/frontend/index.html
[Tue Jul 22 11:21:11.662941 2025] [log_config:warn] [pid 1792:tid 1812] (OS 1392)The file or directory is corrupted and unreadable.  : [client 127.0.0.1:50433] AH00646: Error writing to logs/access.log, referer: http://localhost:8080/Lugxwebsite/public/frontend/index.html
[Tue Jul 22 11:21:11.685880 2025] [log_config:warn] [pid 1792:tid 1852] (OS 1392)The file or directory is corrupted and unreadable.  : [client 127.0.0.1:50436] AH00646: Error writing to logs/access.log, referer: http://localhost:8080/Lugxwebsite/public/frontend/index.html
[Tue Jul 22 11:21:11.754697 2025] [log_config:warn] [pid 1792:tid 1812] (OS 1392)The file or directory is corrupted and unreadable.  : [client 127.0.0.1:50433] AH00646: Error writing to logs/access.log, referer: http://localhost:8080/Lugxwebsite/public/frontend/index.html
[Tue Jul 22 11:21:14.406761 2025] [log_config:warn] [pid 1792:tid 1864] (OS 1392)The file or directory is corrupted and unreadable.  : [client 127.0.0.1:50469] AH00646: Error writing to logs/access.log
[Tue Jul 22 11:21:14.419725 2025] [log_config:warn] [pid 1792:tid 1864] (OS 1392)The file or directory is corrupted and unreadable.  : [client 127.0.0.1:50469] AH00646: Error writing to logs/access.log
[Tue Jul 22 11:21:14.563341 2025] [log_config:warn] [pid 1792:tid 1864] (OS 1392)The file or directory is corrupted and unreadable.  : [client 127.0.0.1:50474] AH00646: Error writing to logs/access.log, referer: http://localhost:8080/Lugxwebsite/public/assets/css/style.css
[Tue Jul 22 11:21:14.590269 2025] [log_config:warn] [pid 1792:tid 1840] (OS 1392)The file or directory is corrupted and unreadable.  : [client 127.0.0.1:50475] AH00646: Error writing to logs/access.log, referer: http://localhost:8080/Lugxwebsite/public/assets/css/style.css
[Tue Jul 22 11:21:14.767794 2025] [log_config:warn] [pid 1792:tid 1864] (OS 1392)The file or directory is corrupted and unreadable.  : [client 127.0.0.1:50490] AH00646: Error writing to logs/access.log, referer: http://localhost:8080/Lugxwebsite/public/frontend/index.html
[Tue Jul 22 11:21:14.816664 2025] [log_config:warn] [pid 1792:tid 1824] (OS 1392)The file or directory is corrupted and unreadable.  : [client 127.0.0.1:50491] AH00646: Error writing to logs/access.log, referer: http://localhost:8080/Lugxwebsite/public/frontend/index.html
[Tue Jul 22 11:21:14.924376 2025] [log_config:warn] [pid 1792:tid 1856] (OS 1392)The file or directory is corrupted and unreadable.  : [client 127.0.0.1:50492] AH00646: Error writing to logs/access.log, referer: http://localhost:8080/Lugxwebsite/public/frontend/index.html
[Tue Jul 22 11:21:15.074973 2025] [log_config:warn] [pid 1792:tid 1840] (OS 1392)The file or directory is corrupted and unreadable.  : [client 127.0.0.1:50489] AH00646: Error writing to logs/access.log, referer: http://localhost:8080/Lugxwebsite/public/frontend/index.html
[Tue Jul 22 11:21:15.111880 2025] [log_config:warn] [pid 1792:tid 1864] (OS 1392)The file or directory is corrupted and unreadable.  : [client 127.0.0.1:50490] AH00646: Error writing to logs/access.log, referer: http://localhost:8080/Lugxwebsite/public/frontend/index.html
[Tue Jul 22 11:21:15.193657 2025] [log_config:warn] [pid 1792:tid 1824] (OS 1392)The file or directory is corrupted and unreadable.  : [client 127.0.0.1:50491] AH00646: Error writing to logs/access.log, referer: http://localhost:8080/Lugxwebsite/public/frontend/index.html
[Tue Jul 22 11:21:15.261474 2025] [log_config:warn] [pid 1792:tid 1780] (OS 1392)The file or directory is corrupted and unreadable.  : [client 127.0.0.1:50497] AH00646: Error writing to logs/access.log, referer: http://localhost:8080/Lugxwebsite/public/frontend/index.html
[Tue Jul 22 11:21:15.342258 2025] [log_config:warn] [pid 1792:tid 1792] (OS 1392)The file or directory is corrupted and unreadable.  : [client 127.0.0.1:50496] AH00646: Error writing to logs/access.log, referer: http://localhost:8080/Lugxwebsite/public/frontend/index.html
[Tue Jul 22 11:21:15.426034 2025] [log_config:warn] [pid 1792:tid 1856] (OS 1392)The file or directory is corrupted and unreadable.  : [client 127.0.0.1:50492] AH00646: Error writing to logs/access.log, referer: http://localhost:8080/Lugxwebsite/public/frontend/index.html
[Tue Jul 22 11:21:15.490861 2025] [log_config:warn] [pid 1792:tid 1840] (OS 1392)The file or directory is corrupted and unreadable.  : [client 127.0.0.1:50489] AH00646: Error writing to logs/access.log, referer: http://localhost:8080/Lugxwebsite/public/frontend/index.html
[Tue Jul 22 11:21:15.570698 2025] [log_config:warn] [pid 1792:tid 1864] (OS 1392)The file or directory is corrupted and unreadable.  : [client 127.0.0.1:50490] AH00646: Error writing to logs/access.log, referer: http://localhost:8080/Lugxwebsite/public/frontend/index.html
[Tue Jul 22 11:21:15.642455 2025] [log_config:warn] [pid 1792:tid 1856] (OS 1392)The file or directory is corrupted and unreadable.  : [client 127.0.0.1:50492] AH00646: Error writing to logs/access.log, referer: http://localhost:8080/Lugxwebsite/public/frontend/index.html
[Tue Jul 22 11:21:15.712269 2025] [log_config:warn] [pid 1792:tid 1840] (OS 1392)The file or directory is corrupted and unreadable.  : [client 127.0.0.1:50489] AH00646: Error writing to logs/access.log, referer: http://localhost:8080/Lugxwebsite/public/frontend/index.html
[Tue Jul 22 11:21:15.766125 2025] [log_config:warn] [pid 1792:tid 1792] (OS 1392)The file or directory is corrupted and unreadable.  : [client 127.0.0.1:50496] AH00646: Error writing to logs/access.log, referer: http://localhost:8080/Lugxwebsite/public/frontend/index.html
[Tue Jul 22 11:21:15.824967 2025] [log_config:warn] [pid 1792:tid 1824] (OS 1392)The file or directory is corrupted and unreadable.  : [client 127.0.0.1:50491] AH00646: Error writing to logs/access.log, referer: http://localhost:8080/Lugxwebsite/public/frontend/index.html
[Tue Jul 22 11:21:15.874833 2025] [log_config:warn] [pid 1792:tid 1780] (OS 1392)The file or directory is corrupted and unreadable.  : [client 127.0.0.1:50497] AH00646: Error writing to logs/access.log, referer: http://localhost:8080/Lugxwebsite/public/frontend/index.html
[Tue Jul 22 11:21:15.948636 2025] [log_config:warn] [pid 1792:tid 1864] (OS 1392)The file or directory is corrupted and unreadable.  : [client 127.0.0.1:50490] AH00646: Error writing to logs/access.log, referer: http://localhost:8080/Lugxwebsite/public/frontend/index.html
[Tue Jul 22 11:21:21.268787 2025] [log_config:warn] [pid 1792:tid 1864] (OS 1392)The file or directory is corrupted and unreadable.  : [client 127.0.0.1:50490] AH00646: Error writing to logs/access.log
[Tue Jul 22 11:21:21.334613 2025] [log_config:warn] [pid 1792:tid 1864] (OS 1392)The file or directory is corrupted and unreadable.  : [client 127.0.0.1:50490] AH00646: Error writing to logs/access.log
[Tue Jul 22 11:21:21.341592 2025] [log_config:warn] [pid 1792:tid 1780] (OS 1392)The file or directory is corrupted and unreadable.  : [client 127.0.0.1:50511] AH00646: Error writing to logs/access.log
[Tue Jul 22 11:21:21.352563 2025] [log_config:warn] [pid 1792:tid 1824] (OS 1392)The file or directory is corrupted and unreadable.  : [client 127.0.0.1:50512] AH00646: Error writing to logs/access.log
[Tue Jul 22 11:21:21.359544 2025] [log_config:warn] [pid 1792:tid 1792] (OS 1392)The file or directory is corrupted and unreadable.  : [client 127.0.0.1:50513] AH00646: Error writing to logs/access.log
[Tue Jul 22 11:21:21.367523 2025] [log_config:warn] [pid 1792:tid 1780] (OS 1392)The file or directory is corrupted and unreadable.  : [client 127.0.0.1:50511] AH00646: Error writing to logs/access.log
[Tue Jul 22 11:21:21.370515 2025] [log_config:warn] [pid 1792:tid 1792] (OS 1392)The file or directory is corrupted and unreadable.  : [client 127.0.0.1:50513] AH00646: Error writing to logs/access.log
[Tue Jul 22 11:21:21.640056 2025] [log_config:warn] [pid 1792:tid 1856] (OS 1392)The file or directory is corrupted and unreadable.  : [client 127.0.0.1:50515] AH00646: Error writing to logs/access.log
[Tue Jul 22 11:21:21.722486 2025] [log_config:warn] [pid 1792:tid 1840] (OS 1392)The file or directory is corrupted and unreadable.  : [client 127.0.0.1:50514] AH00646: Error writing to logs/access.log
[Tue Jul 22 11:21:21.990818 2025] [log_config:warn] [pid 1792:tid 1824] (OS 1392)The file or directory is corrupted and unreadable.  : [client 127.0.0.1:50512] AH00646: Error writing to logs/access.log
[Tue Jul 22 11:21:22.002788 2025] [log_config:warn] [pid 1792:tid 1780] (OS 1392)The file or directory is corrupted and unreadable.  : [client 127.0.0.1:50511] AH00646: Error writing to logs/access.log
[Tue Jul 22 11:21:22.008769 2025] [log_config:warn] [pid 1792:tid 1840] (OS 1392)The file or directory is corrupted and unreadable.  : [client 127.0.0.1:50514] AH00646: Error writing to logs/access.log
[Tue Jul 22 11:21:25.528128 2025] [log_config:warn] [pid 1792:tid 1840] (OS 1392)The file or directory is corrupted and unreadable.  : [client 127.0.0.1:50514] AH00646: Error writing to logs/access.log, referer: http://localhost:8080/phpmyadmin/themes/pmahomme/css/theme.css?v=5.2.1
[Tue Jul 22 11:21:25.549072 2025] [log_config:warn] [pid 1792:tid 1856] (OS 1392)The file or directory is corrupted and unreadable.  : [client 127.0.0.1:50515] AH00646: Error writing to logs/access.log, referer: http://localhost:8080/phpmyadmin/themes/pmahomme/css/theme.css?v=5.2.1
[Tue Jul 22 11:21:25.551066 2025] [log_config:warn] [pid 1792:tid 1824] (OS 1392)The file or directory is corrupted and unreadable.  : [client 127.0.0.1:50512] AH00646: Error writing to logs/access.log, referer: http://localhost:8080/phpmyadmin/themes/pmahomme/css/theme.css?v=5.2.1
[Tue Jul 22 11:21:25.562037 2025] [log_config:warn] [pid 1792:tid 1792] (OS 1392)The file or directory is corrupted and unreadable.  : [client 127.0.0.1:50513] AH00646: Error writing to logs/access.log, referer: http://localhost:8080/phpmyadmin/themes/pmahomme/css/theme.css?v=5.2.1
[Tue Jul 22 11:21:25.571013 2025] [log_config:warn] [pid 1792:tid 1856] (OS 1392)The file or directory is corrupted and unreadable.  : [client 127.0.0.1:50515] AH00646: Error writing to logs/access.log, referer: http://localhost:8080/phpmyadmin/themes/pmahomme/css/theme.css?v=5.2.1
[Tue Jul 22 11:21:25.579989 2025] [log_config:warn] [pid 1792:tid 1840] (OS 1392)The file or directory is corrupted and unreadable.  : [client 127.0.0.1:50514] AH00646: Error writing to logs/access.log, referer: http://localhost:8080/phpmyadmin/themes/pmahomme/css/theme.css?v=5.2.1
[Tue Jul 22 11:21:25.585973 2025] [log_config:warn] [pid 1792:tid 1824] (OS 1392)The file or directory is corrupted and unreadable.  : [client 127.0.0.1:50512] AH00646: Error writing to logs/access.log, referer: http://localhost:8080/phpmyadmin/themes/pmahomme/css/theme.css?v=5.2.1
[Tue Jul 22 11:21:25.594949 2025] [log_config:warn] [pid 1792:tid 1864] (OS 1392)The file or directory is corrupted and unreadable.  : [client 127.0.0.1:50516] AH00646: Error writing to logs/access.log, referer: http://localhost:8080/phpmyadmin/themes/pmahomme/css/theme.css?v=5.2.1
[Tue Jul 22 11:21:25.598940 2025] [log_config:warn] [pid 1792:tid 1780] (OS 1392)The file or directory is corrupted and unreadable.  : [client 127.0.0.1:50511] AH00646: Error writing to logs/access.log, referer: http://localhost:8080/phpmyadmin/themes/pmahomme/css/theme.css?v=5.2.1
[Tue Jul 22 11:21:25.604924 2025] [log_config:warn] [pid 1792:tid 1792] (OS 1392)The file or directory is corrupted and unreadable.  : [client 127.0.0.1:50513] AH00646: Error writing to logs/access.log, referer: http://localhost:8080/phpmyadmin/themes/pmahomme/css/theme.css?v=5.2.1
[Tue Jul 22 11:21:25.614895 2025] [log_config:warn] [pid 1792:tid 1856] (OS 1392)The file or directory is corrupted and unreadable.  : [client 127.0.0.1:50515] AH00646: Error writing to logs/access.log, referer: http://localhost:8080/phpmyadmin/themes/pmahomme/css/theme.css?v=5.2.1
[Tue Jul 22 11:21:25.620879 2025] [log_config:warn] [pid 1792:tid 1840] (OS 1392)The file or directory is corrupted and unreadable.  : [client 127.0.0.1:50514] AH00646: Error writing to logs/access.log, referer: http://localhost:8080/phpmyadmin/themes/pmahomme/css/theme.css?v=5.2.1
[Tue Jul 22 11:21:25.623870 2025] [log_config:warn] [pid 1792:tid 1824] (OS 1392)The file or directory is corrupted and unreadable.  : [client 127.0.0.1:50512] AH00646: Error writing to logs/access.log, referer: http://localhost:8080/phpmyadmin/themes/pmahomme/css/theme.css?v=5.2.1
[Tue Jul 22 11:21:25.628895 2025] [log_config:warn] [pid 1792:tid 1780] (OS 1392)The file or directory is corrupted and unreadable.  : [client 127.0.0.1:50511] AH00646: Error writing to logs/access.log, referer: http://localhost:8080/phpmyadmin/themes/pmahomme/css/theme.css?v=5.2.1
[Tue Jul 22 11:21:25.631849 2025] [log_config:warn] [pid 1792:tid 1792] (OS 1392)The file or directory is corrupted and unreadable.  : [client 127.0.0.1:50513] AH00646: Error writing to logs/access.log, referer: http://localhost:8080/phpmyadmin/themes/pmahomme/css/theme.css?v=5.2.1
[Tue Jul 22 11:21:25.635876 2025] [log_config:warn] [pid 1792:tid 1840] (OS 1392)The file or directory is corrupted and unreadable.  : [client 127.0.0.1:50514] AH00646: Error writing to logs/access.log, referer: http://localhost:8080/phpmyadmin/themes/pmahomme/css/theme.css?v=5.2.1
[Tue Jul 22 11:21:25.638831 2025] [log_config:warn] [pid 1792:tid 1824] (OS 1392)The file or directory is corrupted and unreadable.  : [client 127.0.0.1:50512] AH00646: Error writing to logs/access.log, referer: http://localhost:8080/phpmyadmin/themes/pmahomme/css/theme.css?v=5.2.1
[Tue Jul 22 11:21:25.641863 2025] [log_config:warn] [pid 1792:tid 1780] (OS 1392)The file or directory is corrupted and unreadable.  : [client 127.0.0.1:50511] AH00646: Error writing to logs/access.log, referer: http://localhost:8080/phpmyadmin/themes/pmahomme/css/theme.css?v=5.2.1
[Tue Jul 22 11:21:25.646809 2025] [log_config:warn] [pid 1792:tid 1824] (OS 1392)The file or directory is corrupted and unreadable.  : [client 127.0.0.1:50512] AH00646: Error writing to logs/access.log, referer: http://localhost:8080/phpmyadmin/themes/pmahomme/css/theme.css?v=5.2.1
[Tue Jul 22 11:21:25.649801 2025] [log_config:warn] [pid 1792:tid 1780] (OS 1392)The file or directory is corrupted and unreadable.  : [client 127.0.0.1:50511] AH00646: Error writing to logs/access.log, referer: http://localhost:8080/phpmyadmin/themes/pmahomme/css/theme.css?v=5.2.1
[Tue Jul 22 11:21:25.654787 2025] [log_config:warn] [pid 1792:tid 1780] (OS 1392)The file or directory is corrupted and unreadable.  : [client 127.0.0.1:50511] AH00646: Error writing to logs/access.log, referer: http://localhost:8080/phpmyadmin/themes/pmahomme/css/theme.css?v=5.2.1
[Tue Jul 22 11:21:25.684476 2025] [log_config:warn] [pid 1792:tid 1780] (OS 1392)The file or directory is corrupted and unreadable.  : [client 127.0.0.1:50511] AH00646: Error writing to logs/access.log, referer: http://localhost:8080/phpmyadmin/themes/pmahomme/css/theme.css?v=5.2.1
[Tue Jul 22 11:21:25.701425 2025] [log_config:warn] [pid 1792:tid 1780] (OS 1392)The file or directory is corrupted and unreadable.  : [client 127.0.0.1:50511] AH00646: Error writing to logs/access.log, referer: http://localhost:8080/phpmyadmin/themes/pmahomme/css/theme.css?v=5.2.1
[Tue Jul 22 11:21:25.708410 2025] [log_config:warn] [pid 1792:tid 1824] (OS 1392)The file or directory is corrupted and unreadable.  : [client 127.0.0.1:50512] AH00646: Error writing to logs/access.log, referer: http://localhost:8080/phpmyadmin/themes/pmahomme/css/theme.css?v=5.2.1
[Tue Jul 22 11:21:25.713396 2025] [log_config:warn] [pid 1792:tid 1780] (OS 1392)The file or directory is corrupted and unreadable.  : [client 127.0.0.1:50511] AH00646: Error writing to logs/access.log, referer: http://localhost:8080/phpmyadmin/themes/pmahomme/css/theme.css?v=5.2.1
[Tue Jul 22 11:21:25.718380 2025] [log_config:warn] [pid 1792:tid 1780] (OS 1392)The file or directory is corrupted and unreadable.  : [client 127.0.0.1:50511] AH00646: Error writing to logs/access.log, referer: http://localhost:8080/phpmyadmin/themes/pmahomme/css/theme.css?v=5.2.1
[Tue Jul 22 11:21:25.732342 2025] [log_config:warn] [pid 1792:tid 1780] (OS 1392)The file or directory is corrupted and unreadable.  : [client 127.0.0.1:50511] AH00646: Error writing to logs/access.log, referer: http://localhost:8080/phpmyadmin/themes/pmahomme/css/theme.css?v=5.2.1
[Tue Jul 22 11:21:25.755281 2025] [log_config:warn] [pid 1792:tid 1824] (OS 1392)The file or directory is corrupted and unreadable.  : [client 127.0.0.1:50512] AH00646: Error writing to logs/access.log, referer: http://localhost:8080/phpmyadmin/themes/pmahomme/css/theme.css?v=5.2.1
[Tue Jul 22 11:21:25.769246 2025] [log_config:warn] [pid 1792:tid 1780] (OS 1392)The file or directory is corrupted and unreadable.  : [client 127.0.0.1:50511] AH00646: Error writing to logs/access.log, referer: http://localhost:8080/phpmyadmin/themes/pmahomme/css/theme.css?v=5.2.1
[Tue Jul 22 11:21:26.024563 2025] [log_config:warn] [pid 1792:tid 1780] (OS 1392)The file or directory is corrupted and unreadable.  : [client 127.0.0.1:50511] AH00646: Error writing to logs/access.log
[Tue Jul 22 11:21:26.628946 2025] [log_config:warn] [pid 1792:tid 1824] (OS 1392)The file or directory is corrupted and unreadable.  : [client 127.0.0.1:50512] AH00646: Error writing to logs/access.log
[Tue Jul 22 11:21:26.942109 2025] [log_config:warn] [pid 1792:tid 1780] (OS 1392)The file or directory is corrupted and unreadable.  : [client 127.0.0.1:50511] AH00646: Error writing to logs/access.log
[Tue Jul 22 11:21:27.326081 2025] [log_config:warn] [pid 1792:tid 1792] (OS 1392)The file or directory is corrupted and unreadable.  : [client 127.0.0.1:50513] AH00646: Error writing to logs/access.log
[Tue Jul 22 11:21:27.498621 2025] [log_config:warn] [pid 1792:tid 1840] (OS 1392)The file or directory is corrupted and unreadable.  : [client 127.0.0.1:50514] AH00646: Error writing to logs/access.log
[Tue Jul 22 11:21:28.711689 2025] [log_config:warn] [pid 1792:tid 1824] (OS 1392)The file or directory is corrupted and unreadable.  : [client 127.0.0.1:50512] AH00646: Error writing to logs/access.log, referer: http://localhost:8080/phpmyadmin/themes/pmahomme/css/theme.css?v=5.2.1
[Tue Jul 22 11:21:28.838350 2025] [log_config:warn] [pid 1792:tid 1856] (OS 1392)The file or directory is corrupted and unreadable.  : [client 127.0.0.1:50515] AH00646: Error writing to logs/access.log
[Tue Jul 22 11:21:29.322056 2025] [log_config:warn] [pid 1792:tid 1780] (OS 1392)The file or directory is corrupted and unreadable.  : [client 127.0.0.1:50511] AH00646: Error writing to logs/access.log
[Tue Jul 22 11:21:30.925697 2025] [log_config:warn] [pid 1792:tid 1840] (OS 1392)The file or directory is corrupted and unreadable.  : [client 127.0.0.1:50514] AH00646: Error writing to logs/access.log
[Tue Jul 22 11:21:30.977552 2025] [log_config:warn] [pid 1792:tid 1792] (OS 1392)The file or directory is corrupted and unreadable.  : [client 127.0.0.1:50513] AH00646: Error writing to logs/access.log, referer: http://localhost:8080/phpmyadmin/themes/pmahomme/css/theme.css?v=5.2.1
[Tue Jul 22 11:21:30.984534 2025] [log_config:warn] [pid 1792:tid 1824] (OS 1392)The file or directory is corrupted and unreadable.  : [client 127.0.0.1:50512] AH00646: Error writing to logs/access.log, referer: http://localhost:8080/phpmyadmin/themes/pmahomme/css/theme.css?v=5.2.1
[Tue Jul 22 11:21:30.992524 2025] [log_config:warn] [pid 1792:tid 1840] (OS 1392)The file or directory is corrupted and unreadable.  : [client 127.0.0.1:50514] AH00646: Error writing to logs/access.log, referer: http://localhost:8080/phpmyadmin/themes/pmahomme/css/theme.css?v=5.2.1
[Tue Jul 22 11:21:30.999493 2025] [log_config:warn] [pid 1792:tid 1856] (OS 1392)The file or directory is corrupted and unreadable.  : [client 127.0.0.1:50515] AH00646: Error writing to logs/access.log, referer: http://localhost:8080/phpmyadmin/themes/pmahomme/css/theme.css?v=5.2.1
[Tue Jul 22 11:21:31.013457 2025] [log_config:warn] [pid 1792:tid 1840] (OS 1392)The file or directory is corrupted and unreadable.  : [client 127.0.0.1:50514] AH00646: Error writing to logs/access.log, referer: http://localhost:8080/phpmyadmin/themes/pmahomme/css/theme.css?v=5.2.1
[Tue Jul 22 11:21:31.021435 2025] [log_config:warn] [pid 1792:tid 1824] (OS 1392)The file or directory is corrupted and unreadable.  : [client 127.0.0.1:50512] AH00646: Error writing to logs/access.log, referer: http://localhost:8080/phpmyadmin/themes/pmahomme/css/theme.css?v=5.2.1
[Tue Jul 22 11:21:31.029415 2025] [log_config:warn] [pid 1792:tid 1840] (OS 1392)The file or directory is corrupted and unreadable.  : [client 127.0.0.1:50514] AH00646: Error writing to logs/access.log, referer: http://localhost:8080/phpmyadmin/themes/pmahomme/css/theme.css?v=5.2.1
[Tue Jul 22 11:21:31.037392 2025] [log_config:warn] [pid 1792:tid 1824] (OS 1392)The file or directory is corrupted and unreadable.  : [client 127.0.0.1:50512] AH00646: Error writing to logs/access.log, referer: http://localhost:8080/phpmyadmin/themes/pmahomme/css/theme.css?v=5.2.1
[Tue Jul 22 11:21:31.242846 2025] [log_config:warn] [pid 1792:tid 1824] (OS 1392)The file or directory is corrupted and unreadable.  : [client 127.0.0.1:50512] AH00646: Error writing to logs/access.log
[Tue Jul 22 11:21:31.284731 2025] [log_config:warn] [pid 1792:tid 1824] (OS 1392)The file or directory is corrupted and unreadable.  : [client 127.0.0.1:50512] AH00646: Error writing to logs/access.log, referer: http://localhost:8080/phpmyadmin/themes/pmahomme/css/theme.css?v=5.2.1
[Tue Jul 22 11:21:31.292710 2025] [log_config:warn] [pid 1792:tid 1792] (OS 1392)The file or directory is corrupted and unreadable.  : [client 127.0.0.1:50513] AH00646: Error writing to logs/access.log, referer: http://localhost:8080/phpmyadmin/themes/pmahomme/css/theme.css?v=5.2.1
[Tue Jul 22 11:21:31.301685 2025] [log_config:warn] [pid 1792:tid 1824] (OS 1392)The file or directory is corrupted and unreadable.  : [client 127.0.0.1:50512] AH00646: Error writing to logs/access.log, referer: http://localhost:8080/phpmyadmin/themes/pmahomme/css/theme.css?v=5.2.1
[Tue Jul 22 11:21:31.313655 2025] [log_config:warn] [pid 1792:tid 1824] (OS 1392)The file or directory is corrupted and unreadable.  : [client 127.0.0.1:50512] AH00646: Error writing to logs/access.log, referer: http://localhost:8080/phpmyadmin/themes/pmahomme/css/theme.css?v=5.2.1
[Tue Jul 22 11:21:31.325623 2025] [log_config:warn] [pid 1792:tid 1792] (OS 1392)The file or directory is corrupted and unreadable.  : [client 127.0.0.1:50513] AH00646: Error writing to logs/access.log, referer: http://localhost:8080/phpmyadmin/themes/pmahomme/css/theme.css?v=5.2.1
[Tue Jul 22 11:21:31.348560 2025] [log_config:warn] [pid 1792:tid 1824] (OS 1392)The file or directory is corrupted and unreadable.  : [client 127.0.0.1:50512] AH00646: Error writing to logs/access.log, referer: http://localhost:8080/phpmyadmin/themes/pmahomme/css/theme.css?v=5.2.1
[Tue Jul 22 11:21:31.355541 2025] [log_config:warn] [pid 1792:tid 1792] (OS 1392)The file or directory is corrupted and unreadable.  : [client 127.0.0.1:50513] AH00646: Error writing to logs/access.log, referer: http://localhost:8080/phpmyadmin/themes/pmahomme/css/theme.css?v=5.2.1
[Tue Jul 22 11:21:31.367510 2025] [log_config:warn] [pid 1792:tid 1856] (OS 1392)The file or directory is corrupted and unreadable.  : [client 127.0.0.1:50515] AH00646: Error writing to logs/access.log, referer: http://localhost:8080/phpmyadmin/themes/pmahomme/css/theme.css?v=5.2.1
[Tue Jul 22 11:21:31.381472 2025] [log_config:warn] [pid 1792:tid 1864] (OS 1392)The file or directory is corrupted and unreadable.  : [client 127.0.0.1:50542] AH00646: Error writing to logs/access.log, referer: http://localhost:8080/phpmyadmin/themes/pmahomme/css/theme.css?v=5.2.1
[Tue Jul 22 11:21:31.389451 2025] [log_config:warn] [pid 1792:tid 1824] (OS 1392)The file or directory is corrupted and unreadable.  : [client 127.0.0.1:50512] AH00646: Error writing to logs/access.log, referer: http://localhost:8080/phpmyadmin/themes/pmahomme/css/theme.css?v=5.2.1
[Tue Jul 22 11:21:31.401420 2025] [log_config:warn] [pid 1792:tid 1856] (OS 1392)The file or directory is corrupted and unreadable.  : [client 127.0.0.1:50515] AH00646: Error writing to logs/access.log, referer: http://localhost:8080/phpmyadmin/themes/pmahomme/css/theme.css?v=5.2.1
[Tue Jul 22 11:21:31.409400 2025] [log_config:warn] [pid 1792:tid 1792] (OS 1392)The file or directory is corrupted and unreadable.  : [client 127.0.0.1:50513] AH00646: Error writing to logs/access.log, referer: http://localhost:8080/phpmyadmin/themes/pmahomme/css/theme.css?v=5.2.1
[Tue Jul 22 11:21:31.420368 2025] [log_config:warn] [pid 1792:tid 1824] (OS 1392)The file or directory is corrupted and unreadable.  : [client 127.0.0.1:50512] AH00646: Error writing to logs/access.log, referer: http://localhost:8080/phpmyadmin/themes/pmahomme/css/theme.css?v=5.2.1
[Tue Jul 22 11:21:31.434331 2025] [log_config:warn] [pid 1792:tid 1864] (OS 1392)The file or directory is corrupted and unreadable.  : [client 127.0.0.1:50542] AH00646: Error writing to logs/access.log, referer: http://localhost:8080/phpmyadmin/themes/pmahomme/css/theme.css?v=5.2.1
[Tue Jul 22 11:21:31.518107 2025] [log_config:warn] [pid 1792:tid 1780] (OS 1392)The file or directory is corrupted and unreadable.  : [client 127.0.0.1:50511] AH00646: Error writing to logs/access.log
[Tue Jul 22 11:21:31.535062 2025] [log_config:warn] [pid 1792:tid 1856] (OS 1392)The file or directory is corrupted and unreadable.  : [client 127.0.0.1:50543] AH00646: Error writing to logs/access.log
[Tue Jul 22 11:21:31.552017 2025] [log_config:warn] [pid 1792:tid 1856] (OS 1392)The file or directory is corrupted and unreadable.  : [client 127.0.0.1:50543] AH00646: Error writing to logs/access.log, referer: http://localhost:8080/Lugxwebsite/public/frontend/index.html
[Tue Jul 22 11:21:31.575952 2025] [log_config:warn] [pid 1792:tid 1792] (OS 1392)The file or directory is corrupted and unreadable.  : [client 127.0.0.1:50545] AH00646: Error writing to logs/access.log, referer: http://localhost:8080/Lugxwebsite/public/frontend/index.html
[Tue Jul 22 11:21:31.577947 2025] [log_config:warn] [pid 1792:tid 1856] (OS 1392)The file or directory is corrupted and unreadable.  : [client 127.0.0.1:50543] AH00646: Error writing to logs/access.log, referer: http://localhost:8080/Lugxwebsite/public/frontend/index.html
[Tue Jul 22 11:21:31.590913 2025] [log_config:warn] [pid 1792:tid 1824] (OS 1392)The file or directory is corrupted and unreadable.  : [client 127.0.0.1:50546] AH00646: Error writing to logs/access.log, referer: http://localhost:8080/Lugxwebsite/public/frontend/index.html
[Tue Jul 22 11:21:31.601883 2025] [log_config:warn] [pid 1792:tid 1864] (OS 1392)The file or directory is corrupted and unreadable.  : [client 127.0.0.1:50547] AH00646: Error writing to logs/access.log, referer: http://localhost:8080/Lugxwebsite/public/frontend/index.html
[Tue Jul 22 11:21:31.609861 2025] [log_config:warn] [pid 1792:tid 1780] (OS 1392)The file or directory is corrupted and unreadable.  : [client 127.0.0.1:50544] AH00646: Error writing to logs/access.log, referer: http://localhost:8080/Lugxwebsite/public/frontend/index.html
[Tue Jul 22 11:21:31.618837 2025] [log_config:warn] [pid 1792:tid 1792] (OS 1392)The file or directory is corrupted and unreadable.  : [client 127.0.0.1:50545] AH00646: Error writing to logs/access.log, referer: http://localhost:8080/Lugxwebsite/public/frontend/index.html
[Tue Jul 22 11:21:31.627813 2025] [log_config:warn] [pid 1792:tid 1856] (OS 1392)The file or directory is corrupted and unreadable.  : [client 127.0.0.1:50543] AH00646: Error writing to logs/access.log, referer: http://localhost:8080/Lugxwebsite/public/frontend/index.html
[Tue Jul 22 11:21:31.634795 2025] [log_config:warn] [pid 1792:tid 1824] (OS 1392)The file or directory is corrupted and unreadable.  : [client 127.0.0.1:50546] AH00646: Error writing to logs/access.log, referer: http://localhost:8080/Lugxwebsite/public/frontend/index.html
[Tue Jul 22 11:21:31.641776 2025] [log_config:warn] [pid 1792:tid 1864] (OS 1392)The file or directory is corrupted and unreadable.  : [client 127.0.0.1:50547] AH00646: Error writing to logs/access.log, referer: http://localhost:8080/Lugxwebsite/public/frontend/index.html
[Tue Jul 22 11:21:31.647761 2025] [log_config:warn] [pid 1792:tid 1780] (OS 1392)The file or directory is corrupted and unreadable.  : [client 127.0.0.1:50544] AH00646: Error writing to logs/access.log, referer: http://localhost:8080/Lugxwebsite/public/frontend/index.html
[Tue Jul 22 11:21:31.654741 2025] [log_config:warn] [pid 1792:tid 1792] (OS 1392)The file or directory is corrupted and unreadable.  : [client 127.0.0.1:50545] AH00646: Error writing to logs/access.log, referer: http://localhost:8080/Lugxwebsite/public/frontend/index.html
[Tue Jul 22 11:21:31.660725 2025] [log_config:warn] [pid 1792:tid 1856] (OS 1392)The file or directory is corrupted and unreadable.  : [client 127.0.0.1:50543] AH00646: Error writing to logs/access.log, referer: http://localhost:8080/Lugxwebsite/public/frontend/index.html
[Tue Jul 22 11:21:32.172226 2025] [log_config:warn] [pid 1792:tid 1840] (OS 1392)The file or directory is corrupted and unreadable.  : [client 127.0.0.1:50514] AH00646: Error writing to logs/access.log
[Tue Jul 22 11:21:32.411935 2025] [log_config:warn] [pid 1792:tid 1792] (OS 1392)The file or directory is corrupted and unreadable.  : [client 127.0.0.1:50545] AH00646: Error writing to logs/access.log
[Tue Jul 22 11:21:32.517789 2025] [log_config:warn] [pid 1792:tid 1792] (OS 1392)The file or directory is corrupted and unreadable.  : [client 127.0.0.1:50545] AH00646: Error writing to logs/access.log, referer: http://localhost:8080/phpmyadmin/themes/pmahomme/css/theme.css?v=5.2.1
[Tue Jul 22 11:21:33.043947 2025] [log_config:warn] [pid 1792:tid 1780] (OS 1392)The file or directory is corrupted and unreadable.  : [client 127.0.0.1:50544] AH00646: Error writing to logs/access.log, referer: http://localhost:8080/phpmyadmin/themes/pmahomme/css/theme.css?v=5.2.1
[Tue Jul 22 11:21:33.161369 2025] [log_config:warn] [pid 1792:tid 1780] (OS 1392)The file or directory is corrupted and unreadable.  : [client 127.0.0.1:50544] AH00646: Error writing to logs/access.log, referer: http://localhost:8080/Lugxwebsite/public/frontend/index.html
[Tue Jul 22 11:21:33.168352 2025] [log_config:warn] [pid 1792:tid 1840] (OS 1392)The file or directory is corrupted and unreadable.  : [client 127.0.0.1:50558] AH00646: Error writing to logs/access.log, referer: http://localhost:8080/Lugxwebsite/public/frontend/index.html
[Tue Jul 22 11:21:33.190298 2025] [log_config:warn] [pid 1792:tid 1824] (OS 1392)The file or directory is corrupted and unreadable.  : [client 127.0.0.1:50546] AH00646: Error writing to logs/access.log, referer: http://localhost:8080/Lugxwebsite/public/frontend/index.html
[Tue Jul 22 11:21:33.190298 2025] [log_config:warn] [pid 1792:tid 1856] (OS 1392)The file or directory is corrupted and unreadable.  : [client 127.0.0.1:50543] AH00646: Error writing to logs/access.log, referer: http://localhost:8080/Lugxwebsite/public/frontend/index.html
[Tue Jul 22 11:21:33.197273 2025] [log_config:warn] [pid 1792:tid 1780] (OS 1392)The file or directory is corrupted and unreadable.  : [client 127.0.0.1:50544] AH00646: Error writing to logs/access.log, referer: http://localhost:8080/Lugxwebsite/public/assets/css/style.css
[Tue Jul 22 11:21:33.213230 2025] [log_config:warn] [pid 1792:tid 1856] (OS 1392)The file or directory is corrupted and unreadable.  : [client 127.0.0.1:50543] AH00646: Error writing to logs/access.log, referer: http://localhost:8080/Lugxwebsite/public/assets/css/style.css
[Tue Jul 22 11:21:33.235179 2025] [log_config:warn] [pid 1792:tid 1824] (OS 1392)The file or directory is corrupted and unreadable.  : [client 127.0.0.1:50546] AH00646: Error writing to logs/access.log, referer: http://localhost:8080/Lugxwebsite/public/assets/css/style.css
[Tue Jul 22 11:21:33.246141 2025] [log_config:warn] [pid 1792:tid 1840] (OS 1392)The file or directory is corrupted and unreadable.  : [client 127.0.0.1:50558] AH00646: Error writing to logs/access.log, referer: http://localhost:8080/Lugxwebsite/public/assets/css/style.css
[Tue Jul 22 11:22:13.679587 2025] [log_config:warn] [pid 1792:tid 1840] (OS 1392)The file or directory is corrupted and unreadable.  : [client 127.0.0.1:50558] AH00646: Error writing to logs/access.log, referer: http://localhost:8080/Lugxwebsite/public/frontend/index.html
[Tue Jul 22 11:22:13.695209 2025] [log_config:warn] [pid 1792:tid 1840] (OS 1392)The file or directory is corrupted and unreadable.  : [client 127.0.0.1:50558] AH00646: Error writing to logs/access.log, referer: http://localhost:8080/phpmyadmin/themes/pmahomme/css/theme.css?v=5.2.1
[Tue Jul 22 11:22:13.710831 2025] [log_config:warn] [pid 1792:tid 1824] (OS 1392)The file or directory is corrupted and unreadable.  : [client 127.0.0.1:50546] AH00646: Error writing to logs/access.log, referer: http://localhost:8080/Lugxwebsite/public/frontend/index.html
[Tue Jul 22 11:22:13.764208 2025] [log_config:warn] [pid 1792:tid 1856] (OS 1392)The file or directory is corrupted and unreadable.  : [client 127.0.0.1:50566] AH00646: Error writing to logs/access.log, referer: http://localhost:8080/Lugxwebsite/public/frontend/index.html
[Tue Jul 22 11:22:13.817576 2025] [log_config:warn] [pid 1792:tid 1780] (OS 1392)The file or directory is corrupted and unreadable.  : [client 127.0.0.1:50544] AH00646: Error writing to logs/access.log, referer: http://localhost:8080/Lugxwebsite/public/frontend/index.html
[Tue Jul 22 11:22:14.018085 2025] [log_config:warn] [pid 1792:tid 1864] (OS 1392)The file or directory is corrupted and unreadable.  : [client 127.0.0.1:50547] AH00646: Error writing to logs/access.log
[Tue Jul 22 11:22:14.371237 2025] [log_config:warn] [pid 1792:tid 1840] (OS 1392)The file or directory is corrupted and unreadable.  : [client 127.0.0.1:50558] AH00646: Error writing to logs/access.log, referer: http://localhost:8080/Lugxwebsite/public/frontend/index.html
[Tue Jul 22 11:22:14.401356 2025] [log_config:warn] [pid 1792:tid 1824] (OS 1392)The file or directory is corrupted and unreadable.  : [client 127.0.0.1:50546] AH00646: Error writing to logs/access.log, referer: http://localhost:8080/Lugxwebsite/public/frontend/index.html
[Tue Jul 22 11:22:14.435539 2025] [log_config:warn] [pid 1792:tid 1864] (OS 1392)The file or directory is corrupted and unreadable.  : [client 127.0.0.1:50547] AH00646: Error writing to logs/access.log, referer: http://localhost:8080/Lugxwebsite/public/frontend/index.html
[Tue Jul 22 11:22:14.466782 2025] [log_config:warn] [pid 1792:tid 1856] (OS 1392)The file or directory is corrupted and unreadable.  : [client 127.0.0.1:50566] AH00646: Error writing to logs/access.log, referer: http://localhost:8080/Lugxwebsite/public/frontend/index.html
[Tue Jul 22 11:22:14.498024 2025] [log_config:warn] [pid 1792:tid 1780] (OS 1392)The file or directory is corrupted and unreadable.  : [client 127.0.0.1:50544] AH00646: Error writing to logs/access.log, referer: http://localhost:8080/Lugxwebsite/public/frontend/index.html
[Tue Jul 22 11:22:14.567024 2025] [log_config:warn] [pid 1792:tid 1840] (OS 1392)The file or directory is corrupted and unreadable.  : [client 127.0.0.1:50558] AH00646: Error writing to logs/access.log, referer: http://localhost:8080/Lugxwebsite/public/frontend/index.html
[Tue Jul 22 11:22:14.698517 2025] [log_config:warn] [pid 1792:tid 1840] (OS 1392)The file or directory is corrupted and unreadable.  : [client 127.0.0.1:50558] AH00646: Error writing to logs/access.log, referer: http://localhost:8080/Lugxwebsite/public/frontend/index.html
[Tue Jul 22 11:22:14.736275 2025] [log_config:warn] [pid 1792:tid 1780] (OS 1392)The file or directory is corrupted and unreadable.  : [client 127.0.0.1:50544] AH00646: Error writing to logs/access.log, referer: http://localhost:8080/Lugxwebsite/public/frontend/index.html
[Tue Jul 22 11:22:14.767517 2025] [log_config:warn] [pid 1792:tid 1824] (OS 1392)The file or directory is corrupted and unreadable.  : [client 127.0.0.1:50546] AH00646: Error writing to logs/access.log, referer: http://localhost:8080/Lugxwebsite/public/frontend/index.html
[Tue Jul 22 11:22:14.814379 2025] [log_config:warn] [pid 1792:tid 1856] (OS 1392)The file or directory is corrupted and unreadable.  : [client 127.0.0.1:50566] AH00646: Error writing to logs/access.log, referer: http://localhost:8080/Lugxwebsite/public/frontend/index.html
[Tue Jul 22 11:22:14.852133 2025] [log_config:warn] [pid 1792:tid 1864] (OS 1392)The file or directory is corrupted and unreadable.  : [client 127.0.0.1:50547] AH00646: Error writing to logs/access.log, referer: http://localhost:8080/Lugxwebsite/public/frontend/index.html
[Tue Jul 22 11:22:14.883376 2025] [log_config:warn] [pid 1792:tid 1840] (OS 1392)The file or directory is corrupted and unreadable.  : [client 127.0.0.1:50558] AH00646: Error writing to logs/access.log, referer: http://localhost:8080/Lugxwebsite/public/frontend/index.html
[Tue Jul 22 11:22:15.353105 2025] [log_config:warn] [pid 1792:tid 1824] (OS 1392)The file or directory is corrupted and unreadable.  : [client 127.0.0.1:50546] AH00646: Error writing to logs/access.log, referer: http://localhost:8080/Lugxwebsite/public/frontend/index.html
[Tue Jul 22 11:22:15.368728 2025] [log_config:warn] [pid 1792:tid 1792] (OS 1392)The file or directory is corrupted and unreadable.  : [client 127.0.0.1:50545] AH00646: Error writing to logs/access.log
[Tue Jul 22 11:23:06.906116 2025] [log_config:warn] [pid 1792:tid 1792] (OS 1392)The file or directory is corrupted and unreadable.  : [client 127.0.0.1:50619] AH00646: Error writing to logs/access.log, referer: http://localhost:8080/Lugxwebsite/public/frontend/index.html
[Tue Jul 22 11:23:07.068625 2025] [log_config:warn] [pid 1792:tid 1792] (OS 1392)The file or directory is corrupted and unreadable.  : [client 127.0.0.1:50619] AH00646: Error writing to logs/access.log, referer: http://localhost:8080/Lugxwebsite/public/frontend/login.html
[Tue Jul 22 11:23:07.190996 2025] [log_config:warn] [pid 1792:tid 1824] (OS 1392)The file or directory is corrupted and unreadable.  : [client 127.0.0.1:50625] AH00646: Error writing to logs/access.log, referer: http://localhost:8080/Lugxwebsite/public/frontend/login.html
[Tue Jul 22 11:23:07.939675 2025] [log_config:warn] [pid 1792:tid 1840] (OS 1392)The file or directory is corrupted and unreadable.  : [client 127.0.0.1:50626] AH00646: Error writing to logs/access.log, referer: http://localhost:8080/Lugxwebsite/public/frontend/login.html
[Tue Jul 22 11:23:07.955296 2025] [log_config:warn] [pid 1792:tid 1824] (OS 1392)The file or directory is corrupted and unreadable.  : [client 127.0.0.1:50625] AH00646: Error writing to logs/access.log, referer: http://localhost:8080/Lugxwebsite/public/frontend/login.html
[Tue Jul 22 11:23:21.141572 2025] [log_config:warn] [pid 1792:tid 1824] (OS 1392)The file or directory is corrupted and unreadable.  : [client 127.0.0.1:50633] AH00646: Error writing to logs/access.log, referer: http://localhost:8080/Lugxwebsite/public/frontend/login.html
[Tue Jul 22 11:23:22.674849 2025] [log_config:warn] [pid 1792:tid 1824] (OS 1392)The file or directory is corrupted and unreadable.  : [client 127.0.0.1:50633] AH00646: Error writing to logs/access.log, referer: http://localhost:8080/Lugxwebsite/public/frontend/login.html
[Tue Jul 22 11:23:22.775092 2025] [log_config:warn] [pid 1792:tid 1792] (OS 1392)The file or directory is corrupted and unreadable.  : [client 127.0.0.1:50636] AH00646: Error writing to logs/access.log, referer: http://localhost:8080/Lugxwebsite/public/frontend/user_dashboard.html
[Tue Jul 22 11:23:22.775092 2025] [log_config:warn] [pid 1792:tid 1840] (OS 1392)The file or directory is corrupted and unreadable.  : [client 127.0.0.1:50635] AH00646: Error writing to logs/access.log, referer: http://localhost:8080/Lugxwebsite/public/frontend/user_dashboard.html
[Tue Jul 22 11:23:22.790712 2025] [log_config:warn] [pid 1792:tid 1864] (OS 1392)The file or directory is corrupted and unreadable.  : [client 127.0.0.1:50637] AH00646: Error writing to logs/access.log, referer: http://localhost:8080/Lugxwebsite/public/frontend/user_dashboard.html
[Tue Jul 22 11:23:23.075934 2025] [log_config:warn] [pid 1792:tid 1780] (OS 1392)The file or directory is corrupted and unreadable.  : [client 127.0.0.1:50639] AH00646: Error writing to logs/access.log, referer: http://localhost:8080/Lugxwebsite/public/frontend/user_dashboard.html
[Tue Jul 22 11:23:23.129303 2025] [log_config:warn] [pid 1792:tid 1792] (OS 1392)The file or directory is corrupted and unreadable.  : [client 127.0.0.1:50636] AH00646: Error writing to logs/access.log, referer: http://localhost:8080/Lugxwebsite/public/frontend/user_dashboard.html
[Tue Jul 22 11:23:23.245232 2025] [log_config:warn] [pid 1792:tid 1864] (OS 1392)The file or directory is corrupted and unreadable.  : [client 127.0.0.1:50646] AH00646: Error writing to logs/access.log, referer: http://localhost:8080/Lugxwebsite/public/frontend/user_dashboard.html
[Tue Jul 22 11:23:23.423604 2025] [log_config:warn] [pid 1792:tid 1856] (OS 1392)The file or directory is corrupted and unreadable.  : [client 127.0.0.1:50638] AH00646: Error writing to logs/access.log, referer: http://localhost:8080/Lugxwebsite/public/frontend/user_dashboard.html
[Tue Jul 22 11:23:23.445767 2025] [log_config:warn] [pid 1792:tid 1792] (OS 1392)The file or directory is corrupted and unreadable.  : [client 127.0.0.1:50636] AH00646: Error writing to logs/access.log, referer: http://localhost:8080/Lugxwebsite/public/frontend/user_dashboard.html
[Tue Jul 22 11:23:23.492631 2025] [log_config:warn] [pid 1792:tid 1780] (OS 1392)The file or directory is corrupted and unreadable.  : [client 127.0.0.1:50639] AH00646: Error writing to logs/access.log, referer: http://localhost:8080/Lugxwebsite/public/frontend/user_dashboard.html
[Tue Jul 22 11:23:23.708924 2025] [log_config:warn] [pid 1792:tid 1864] (OS 1392)The file or directory is corrupted and unreadable.  : [client 127.0.0.1:50646] AH00646: Error writing to logs/access.log, referer: http://localhost:8080/Lugxwebsite/public/frontend/user_dashboard.html
[Tue Jul 22 11:23:32.801537 2025] [log_config:warn] [pid 1792:tid 1864] (OS 1392)The file or directory is corrupted and unreadable.  : [client 127.0.0.1:50656] AH00646: Error writing to logs/access.log, referer: http://localhost:8080/Lugxwebsite/public/frontend/user_dashboard.html
[Tue Jul 22 11:23:32.986407 2025] [log_config:warn] [pid 1792:tid 1856] (OS 1392)The file or directory is corrupted and unreadable.  : [client 127.0.0.1:50659] AH00646: Error writing to logs/access.log, referer: http://localhost:8080/Lugxwebsite/public/frontend/user_addresses.html
[Tue Jul 22 11:23:33.033327 2025] [log_config:warn] [pid 1792:tid 1780] (OS 1392)The file or directory is corrupted and unreadable.  : [client 127.0.0.1:50657] AH00646: Error writing to logs/access.log, referer: http://localhost:8080/Lugxwebsite/public/frontend/user_addresses.html
[Tue Jul 22 11:23:33.071038 2025] [log_config:warn] [pid 1792:tid 1792] (OS 1392)The file or directory is corrupted and unreadable.  : [client 127.0.0.1:50658] AH00646: Error writing to logs/access.log, referer: http://localhost:8080/Lugxwebsite/public/frontend/user_addresses.html
[Tue Jul 22 11:23:33.186934 2025] [log_config:warn] [pid 1792:tid 1840] (OS 1392)The file or directory is corrupted and unreadable.  : [client 127.0.0.1:50660] AH00646: Error writing to logs/access.log, referer: http://localhost:8080/Lugxwebsite/public/frontend/user_addresses.html
[Tue Jul 22 11:23:33.233824 2025] [log_config:warn] [pid 1792:tid 1824] (OS 1392)The file or directory is corrupted and unreadable.  : [client 127.0.0.1:50661] AH00646: Error writing to logs/access.log, referer: http://localhost:8080/Lugxwebsite/public/frontend/user_addresses.html
[Tue Jul 22 11:23:33.387517 2025] [log_config:warn] [pid 1792:tid 1864] (OS 1392)The file or directory is corrupted and unreadable.  : [client 127.0.0.1:50656] AH00646: Error writing to logs/access.log, referer: http://localhost:8080/Lugxwebsite/public/frontend/user_addresses.html
[Tue Jul 22 11:23:33.418762 2025] [log_config:warn] [pid 1792:tid 1856] (OS 1392)The file or directory is corrupted and unreadable.  : [client 127.0.0.1:50659] AH00646: Error writing to logs/access.log, referer: http://localhost:8080/Lugxwebsite/public/frontend/user_addresses.html
[Tue Jul 22 11:23:36.696420 2025] [log_config:warn] [pid 1792:tid 1856] (OS 1392)The file or directory is corrupted and unreadable.  : [client 127.0.0.1:50659] AH00646: Error writing to logs/access.log, referer: http://localhost:8080/Lugxwebsite/public/frontend/user_addresses.html
[Tue Jul 22 11:24:43.683708 2025] [log_config:warn] [pid 1792:tid 1856] (OS 1392)The file or directory is corrupted and unreadable.  : [client 127.0.0.1:50722] AH00646: Error writing to logs/access.log
[Tue Jul 22 11:24:43.699328 2025] [log_config:warn] [pid 1792:tid 1856] (OS 1392)The file or directory is corrupted and unreadable.  : [client 127.0.0.1:50722] AH00646: Error writing to logs/access.log
[Tue Jul 22 11:24:43.783968 2025] [log_config:warn] [pid 1792:tid 1856] (OS 1392)The file or directory is corrupted and unreadable.  : [client 127.0.0.1:50726] AH00646: Error writing to logs/access.log, referer: http://localhost:8080/Lugxwebsite/public/frontend/index.html
[Tue Jul 22 11:24:43.783968 2025] [log_config:warn] [pid 1792:tid 1864] (OS 1392)The file or directory is corrupted and unreadable.  : [client 127.0.0.1:50727] AH00646: Error writing to logs/access.log, referer: http://localhost:8080/Lugxwebsite/public/frontend/index.html
[Tue Jul 22 11:24:43.806098 2025] [log_config:warn] [pid 1792:tid 1824] (OS 1392)The file or directory is corrupted and unreadable.  : [client 127.0.0.1:50733] AH00646: Error writing to logs/access.log, referer: http://localhost:8080/Lugxwebsite/public/frontend/index.html
[Tue Jul 22 11:24:43.821726 2025] [log_config:warn] [pid 1792:tid 1840] (OS 1392)The file or directory is corrupted and unreadable.  : [client 127.0.0.1:50730] AH00646: Error writing to logs/access.log, referer: http://localhost:8080/Lugxwebsite/public/frontend/index.html
[Tue Jul 22 11:24:43.968834 2025] [log_config:warn] [pid 1792:tid 1840] (OS 1392)The file or directory is corrupted and unreadable.  : [client 127.0.0.1:50737] AH00646: Error writing to logs/access.log, referer: http://localhost:8080/Lugxwebsite/public/frontend/index.html
[Tue Jul 22 11:24:44.070232 2025] [log_config:warn] [pid 1792:tid 1864] (OS 1392)The file or directory is corrupted and unreadable.  : [client 127.0.0.1:50745] AH00646: Error writing to logs/access.log, referer: http://localhost:8080/Lugxwebsite/public/frontend/index.html
[Tue Jul 22 11:24:44.140287 2025] [log_config:warn] [pid 1792:tid 1824] (OS 1392)The file or directory is corrupted and unreadable.  : [client 127.0.0.1:50744] AH00646: Error writing to logs/access.log, referer: http://localhost:8080/Lugxwebsite/public/frontend/index.html
[Tue Jul 22 11:24:44.210944 2025] [log_config:warn] [pid 1792:tid 1840] (OS 1392)The file or directory is corrupted and unreadable.  : [client 127.0.0.1:50737] AH00646: Error writing to logs/access.log, referer: http://localhost:8080/Lugxwebsite/public/frontend/index.html
[Tue Jul 22 11:24:44.260245 2025] [log_config:warn] [pid 1792:tid 1792] (OS 1392)The file or directory is corrupted and unreadable.  : [client 127.0.0.1:50749] AH00646: Error writing to logs/access.log, referer: http://localhost:8080/Lugxwebsite/public/frontend/index.html
[Tue Jul 22 11:24:44.322731 2025] [log_config:warn] [pid 1792:tid 1864] (OS 1392)The file or directory is corrupted and unreadable.  : [client 127.0.0.1:50745] AH00646: Error writing to logs/access.log, referer: http://localhost:8080/Lugxwebsite/public/frontend/index.html
[Tue Jul 22 11:24:44.445123 2025] [log_config:warn] [pid 1792:tid 1856] (OS 1392)The file or directory is corrupted and unreadable.  : [client 127.0.0.1:50748] AH00646: Error writing to logs/access.log, referer: http://localhost:8080/Lugxwebsite/public/frontend/index.html
[Tue Jul 22 11:24:44.460745 2025] [log_config:warn] [pid 1792:tid 1824] (OS 1392)The file or directory is corrupted and unreadable.  : [client 127.0.0.1:50744] AH00646: Error writing to logs/access.log, referer: http://localhost:8080/Lugxwebsite/public/frontend/index.html
[Tue Jul 22 11:24:44.529738 2025] [log_config:warn] [pid 1792:tid 1780] (OS 1392)The file or directory is corrupted and unreadable.  : [client 127.0.0.1:50750] AH00646: Error writing to logs/access.log, referer: http://localhost:8080/Lugxwebsite/public/frontend/index.html
[Tue Jul 22 11:24:44.629978 2025] [log_config:warn] [pid 1792:tid 1864] (OS 1392)The file or directory is corrupted and unreadable.  : [client 127.0.0.1:50745] AH00646: Error writing to logs/access.log, referer: http://localhost:8080/Lugxwebsite/public/frontend/index.html
[Tue Jul 22 11:24:44.676849 2025] [log_config:warn] [pid 1792:tid 1840] (OS 1392)The file or directory is corrupted and unreadable.  : [client 127.0.0.1:50737] AH00646: Error writing to logs/access.log, referer: http://localhost:8080/Lugxwebsite/public/frontend/index.html
[Tue Jul 22 11:24:44.730218 2025] [log_config:warn] [pid 1792:tid 1792] (OS 1392)The file or directory is corrupted and unreadable.  : [client 127.0.0.1:50749] AH00646: Error writing to logs/access.log, referer: http://localhost:8080/Lugxwebsite/public/frontend/index.html
[Tue Jul 22 11:24:44.792710 2025] [log_config:warn] [pid 1792:tid 1780] (OS 1392)The file or directory is corrupted and unreadable.  : [client 127.0.0.1:50750] AH00646: Error writing to logs/access.log, referer: http://localhost:8080/Lugxwebsite/public/frontend/index.html
[Tue Jul 22 11:24:44.861708 2025] [log_config:warn] [pid 1792:tid 1856] (OS 1392)The file or directory is corrupted and unreadable.  : [client 127.0.0.1:50748] AH00646: Error writing to logs/access.log, referer: http://localhost:8080/Lugxwebsite/public/frontend/index.html
[Tue Jul 22 11:24:44.892951 2025] [log_config:warn] [pid 1792:tid 1824] (OS 1392)The file or directory is corrupted and unreadable.  : [client 127.0.0.1:50744] AH00646: Error writing to logs/access.log, referer: http://localhost:8080/Lugxwebsite/public/frontend/index.html
[Tue Jul 22 11:24:44.977572 2025] [log_config:warn] [pid 1792:tid 1780] (OS 1392)The file or directory is corrupted and unreadable.  : [client 127.0.0.1:50750] AH00646: Error writing to logs/access.log, referer: http://localhost:8080/Lugxwebsite/public/frontend/index.html
[Tue Jul 22 11:24:45.030943 2025] [log_config:warn] [pid 1792:tid 1864] (OS 1392)The file or directory is corrupted and unreadable.  : [client 127.0.0.1:50745] AH00646: Error writing to logs/access.log, referer: http://localhost:8080/Lugxwebsite/public/frontend/index.html
[Tue Jul 22 11:24:53.528832 2025] [log_config:warn] [pid 1792:tid 1864] (OS 1392)The file or directory is corrupted and unreadable.  : [client 127.0.0.1:50778] AH00646: Error writing to logs/access.log
[Tue Jul 22 11:24:53.651202 2025] [log_config:warn] [pid 1792:tid 1864] (OS 1392)The file or directory is corrupted and unreadable.  : [client 127.0.0.1:50778] AH00646: Error writing to logs/access.log
[Tue Jul 22 11:24:53.651202 2025] [log_config:warn] [pid 1792:tid 1780] (OS 1392)The file or directory is corrupted and unreadable.  : [client 127.0.0.1:50786] AH00646: Error writing to logs/access.log
[Tue Jul 22 11:24:53.666829 2025] [log_config:warn] [pid 1792:tid 1824] (OS 1392)The file or directory is corrupted and unreadable.  : [client 127.0.0.1:50788] AH00646: Error writing to logs/access.log
[Tue Jul 22 11:24:53.682451 2025] [log_config:warn] [pid 1792:tid 1856] (OS 1392)The file or directory is corrupted and unreadable.  : [client 127.0.0.1:50790] AH00646: Error writing to logs/access.log
[Tue Jul 22 11:24:53.698071 2025] [log_config:warn] [pid 1792:tid 1864] (OS 1392)The file or directory is corrupted and unreadable.  : [client 127.0.0.1:50778] AH00646: Error writing to logs/access.log
[Tue Jul 22 11:24:53.800255 2025] [log_config:warn] [pid 1792:tid 1824] (OS 1392)The file or directory is corrupted and unreadable.  : [client 127.0.0.1:50792] AH00646: Error writing to logs/access.log, referer: http://localhost:8080/phpmyadmin/themes/pmahomme/css/theme.css?v=5.2.1
[Tue Jul 22 11:24:53.804245 2025] [log_config:warn] [pid 1792:tid 1864] (OS 1392)The file or directory is corrupted and unreadable.  : [client 127.0.0.1:50778] AH00646: Error writing to logs/access.log, referer: http://localhost:8080/phpmyadmin/themes/pmahomme/css/theme.css?v=5.2.1
[Tue Jul 22 11:24:53.808234 2025] [log_config:warn] [pid 1792:tid 1856] (OS 1392)The file or directory is corrupted and unreadable.  : [client 127.0.0.1:50791] AH00646: Error writing to logs/access.log, referer: http://localhost:8080/phpmyadmin/themes/pmahomme/css/theme.css?v=5.2.1
[Tue Jul 22 11:24:53.817210 2025] [log_config:warn] [pid 1792:tid 1792] (OS 1392)The file or directory is corrupted and unreadable.  : [client 127.0.0.1:50794] AH00646: Error writing to logs/access.log, referer: http://localhost:8080/phpmyadmin/themes/pmahomme/css/theme.css?v=5.2.1
[Tue Jul 22 11:24:53.824191 2025] [log_config:warn] [pid 1792:tid 1780] (OS 1392)The file or directory is corrupted and unreadable.  : [client 127.0.0.1:50793] AH00646: Error writing to logs/access.log, referer: http://localhost:8080/phpmyadmin/themes/pmahomme/css/theme.css?v=5.2.1
[Tue Jul 22 11:24:53.832170 2025] [log_config:warn] [pid 1792:tid 1824] (OS 1392)The file or directory is corrupted and unreadable.  : [client 127.0.0.1:50792] AH00646: Error writing to logs/access.log, referer: http://localhost:8080/phpmyadmin/themes/pmahomme/css/theme.css?v=5.2.1
[Tue Jul 22 11:24:53.839151 2025] [log_config:warn] [pid 1792:tid 1840] (OS 1392)The file or directory is corrupted and unreadable.  : [client 127.0.0.1:50795] AH00646: Error writing to logs/access.log, referer: http://localhost:8080/phpmyadmin/themes/pmahomme/css/theme.css?v=5.2.1
[Tue Jul 22 11:24:53.853113 2025] [log_config:warn] [pid 1792:tid 1864] (OS 1392)The file or directory is corrupted and unreadable.  : [client 127.0.0.1:50778] AH00646: Error writing to logs/access.log, referer: http://localhost:8080/phpmyadmin/themes/pmahomme/css/theme.css?v=5.2.1
[Tue Jul 22 11:24:53.860094 2025] [log_config:warn] [pid 1792:tid 1856] (OS 1392)The file or directory is corrupted and unreadable.  : [client 127.0.0.1:50791] AH00646: Error writing to logs/access.log, referer: http://localhost:8080/phpmyadmin/themes/pmahomme/css/theme.css?v=5.2.1
[Tue Jul 22 11:24:53.871066 2025] [log_config:warn] [pid 1792:tid 1792] (OS 1392)The file or directory is corrupted and unreadable.  : [client 127.0.0.1:50794] AH00646: Error writing to logs/access.log, referer: http://localhost:8080/phpmyadmin/themes/pmahomme/css/theme.css?v=5.2.1
[Tue Jul 22 11:24:53.891014 2025] [log_config:warn] [pid 1792:tid 1780] (OS 1392)The file or directory is corrupted and unreadable.  : [client 127.0.0.1:50793] AH00646: Error writing to logs/access.log, referer: http://localhost:8080/phpmyadmin/themes/pmahomme/css/theme.css?v=5.2.1
[Tue Jul 22 11:24:53.899989 2025] [log_config:warn] [pid 1792:tid 1824] (OS 1392)The file or directory is corrupted and unreadable.  : [client 127.0.0.1:50792] AH00646: Error writing to logs/access.log, referer: http://localhost:8080/phpmyadmin/themes/pmahomme/css/theme.css?v=5.2.1
[Tue Jul 22 11:24:53.904974 2025] [log_config:warn] [pid 1792:tid 1840] (OS 1392)The file or directory is corrupted and unreadable.  : [client 127.0.0.1:50795] AH00646: Error writing to logs/access.log, referer: http://localhost:8080/phpmyadmin/themes/pmahomme/css/theme.css?v=5.2.1
[Tue Jul 22 11:24:53.908964 2025] [log_config:warn] [pid 1792:tid 1856] (OS 1392)The file or directory is corrupted and unreadable.  : [client 127.0.0.1:50791] AH00646: Error writing to logs/access.log, referer: http://localhost:8080/phpmyadmin/themes/pmahomme/css/theme.css?v=5.2.1
[Tue Jul 22 11:24:53.916947 2025] [log_config:warn] [pid 1792:tid 1792] (OS 1392)The file or directory is corrupted and unreadable.  : [client 127.0.0.1:50794] AH00646: Error writing to logs/access.log, referer: http://localhost:8080/phpmyadmin/themes/pmahomme/css/theme.css?v=5.2.1
[Tue Jul 22 11:24:53.925920 2025] [log_config:warn] [pid 1792:tid 1824] (OS 1392)The file or directory is corrupted and unreadable.  : [client 127.0.0.1:50792] AH00646: Error writing to logs/access.log, referer: http://localhost:8080/phpmyadmin/themes/pmahomme/css/theme.css?v=5.2.1
[Tue Jul 22 11:24:53.940878 2025] [log_config:warn] [pid 1792:tid 1856] (OS 1392)The file or directory is corrupted and unreadable.  : [client 127.0.0.1:50791] AH00646: Error writing to logs/access.log, referer: http://localhost:8080/phpmyadmin/themes/pmahomme/css/theme.css?v=5.2.1
[Tue Jul 22 11:24:53.951850 2025] [log_config:warn] [pid 1792:tid 1792] (OS 1392)The file or directory is corrupted and unreadable.  : [client 127.0.0.1:50794] AH00646: Error writing to logs/access.log, referer: http://localhost:8080/phpmyadmin/themes/pmahomme/css/theme.css?v=5.2.1
[Tue Jul 22 11:24:53.962822 2025] [log_config:warn] [pid 1792:tid 1824] (OS 1392)The file or directory is corrupted and unreadable.  : [client 127.0.0.1:50792] AH00646: Error writing to logs/access.log, referer: http://localhost:8080/phpmyadmin/themes/pmahomme/css/theme.css?v=5.2.1
[Tue Jul 22 11:24:53.968805 2025] [log_config:warn] [pid 1792:tid 1856] (OS 1392)The file or directory is corrupted and unreadable.  : [client 127.0.0.1:50791] AH00646: Error writing to logs/access.log, referer: http://localhost:8080/phpmyadmin/themes/pmahomme/css/theme.css?v=5.2.1
[Tue Jul 22 11:24:53.973790 2025] [log_config:warn] [pid 1792:tid 1780] (OS 1392)The file or directory is corrupted and unreadable.  : [client 127.0.0.1:50793] AH00646: Error writing to logs/access.log, referer: http://localhost:8080/phpmyadmin/themes/pmahomme/css/theme.css?v=5.2.1
[Tue Jul 22 11:24:53.977779 2025] [log_config:warn] [pid 1792:tid 1792] (OS 1392)The file or directory is corrupted and unreadable.  : [client 127.0.0.1:50794] AH00646: Error writing to logs/access.log, referer: http://localhost:8080/phpmyadmin/themes/pmahomme/css/theme.css?v=5.2.1
[Tue Jul 22 11:24:53.988751 2025] [log_config:warn] [pid 1792:tid 1824] (OS 1392)The file or directory is corrupted and unreadable.  : [client 127.0.0.1:50792] AH00646: Error writing to logs/access.log, referer: http://localhost:8080/phpmyadmin/themes/pmahomme/css/theme.css?v=5.2.1
[Tue Jul 22 11:24:53.999721 2025] [log_config:warn] [pid 1792:tid 1856] (OS 1392)The file or directory is corrupted and unreadable.  : [client 127.0.0.1:50791] AH00646: Error writing to logs/access.log, referer: http://localhost:8080/phpmyadmin/themes/pmahomme/css/theme.css?v=5.2.1
[Tue Jul 22 11:24:54.005708 2025] [log_config:warn] [pid 1792:tid 1824] (OS 1392)The file or directory is corrupted and unreadable.  : [client 127.0.0.1:50792] AH00646: Error writing to logs/access.log, referer: http://localhost:8080/phpmyadmin/themes/pmahomme/css/theme.css?v=5.2.1
[Tue Jul 22 11:24:54.012729 2025] [log_config:warn] [pid 1792:tid 1856] (OS 1392)The file or directory is corrupted and unreadable.  : [client 127.0.0.1:50791] AH00646: Error writing to logs/access.log, referer: http://localhost:8080/phpmyadmin/themes/pmahomme/css/theme.css?v=5.2.1
[Tue Jul 22 11:24:54.024656 2025] [log_config:warn] [pid 1792:tid 1824] (OS 1392)The file or directory is corrupted and unreadable.  : [client 127.0.0.1:50792] AH00646: Error writing to logs/access.log, referer: http://localhost:8080/phpmyadmin/themes/pmahomme/css/theme.css?v=5.2.1
[Tue Jul 22 11:24:54.041610 2025] [log_config:warn] [pid 1792:tid 1856] (OS 1392)The file or directory is corrupted and unreadable.  : [client 127.0.0.1:50791] AH00646: Error writing to logs/access.log, referer: http://localhost:8080/phpmyadmin/themes/pmahomme/css/theme.css?v=5.2.1
[Tue Jul 22 11:24:54.064562 2025] [log_config:warn] [pid 1792:tid 1824] (OS 1392)The file or directory is corrupted and unreadable.  : [client 127.0.0.1:50792] AH00646: Error writing to logs/access.log, referer: http://localhost:8080/phpmyadmin/themes/pmahomme/css/theme.css?v=5.2.1
[Tue Jul 22 11:24:54.071530 2025] [log_config:warn] [pid 1792:tid 1856] (OS 1392)The file or directory is corrupted and unreadable.  : [client 127.0.0.1:50791] AH00646: Error writing to logs/access.log
[Tue Jul 22 11:24:54.729985 2025] [log_config:warn] [pid 1792:tid 1792] (OS 1392)The file or directory is corrupted and unreadable.  : [client 127.0.0.1:50794] AH00646: Error writing to logs/access.log
[Tue Jul 22 11:24:54.899788 2025] [log_config:warn] [pid 1792:tid 1840] (OS 1392)The file or directory is corrupted and unreadable.  : [client 127.0.0.1:50795] AH00646: Error writing to logs/access.log
[Tue Jul 22 11:24:55.171915 2025] [log_config:warn] [pid 1792:tid 1824] (OS 1392)The file or directory is corrupted and unreadable.  : [client 127.0.0.1:50792] AH00646: Error writing to logs/access.log
[Tue Jul 22 11:24:55.347043 2025] [log_config:warn] [pid 1792:tid 1780] (OS 1392)The file or directory is corrupted and unreadable.  : [client 127.0.0.1:50793] AH00646: Error writing to logs/access.log
[Tue Jul 22 11:24:59.081175 2025] [log_config:warn] [pid 1792:tid 1824] (OS 1392)The file or directory is corrupted and unreadable.  : [client 127.0.0.1:50792] AH00646: Error writing to logs/access.log, referer: http://localhost:8080/Lugxwebsite/public/frontend/login.html
[Tue Jul 22 11:24:59.210859 2025] [log_config:warn] [pid 1792:tid 1780] (OS 1392)The file or directory is corrupted and unreadable.  : [client 127.0.0.1:50793] AH00646: Error writing to logs/access.log, referer: http://localhost:8080/Lugxwebsite/public/frontend/login.html
[Tue Jul 22 11:24:59.269715 2025] [log_config:warn] [pid 1792:tid 1780] (OS 1392)The file or directory is corrupted and unreadable.  : [client 127.0.0.1:50793] AH00646: Error writing to logs/access.log, referer: http://localhost:8080/Lugxwebsite/public/frontend/login.html
[Tue Jul 22 11:25:02.171260 2025] [log_config:warn] [pid 1792:tid 1864] (OS 1392)The file or directory is corrupted and unreadable.  : [client 127.0.0.1:50778] AH00646: Error writing to logs/access.log
[Tue Jul 22 11:25:04.719675 2025] [log_config:warn] [pid 1792:tid 1792] (OS 1392)The file or directory is corrupted and unreadable.  : [client 127.0.0.1:50794] AH00646: Error writing to logs/access.log
[Tue Jul 22 11:25:12.689668 2025] [log_config:warn] [pid 1792:tid 1792] (OS 1392)The file or directory is corrupted and unreadable.  : [client 127.0.0.1:50822] AH00646: Error writing to logs/access.log, referer: http://localhost:8080/Lugxwebsite/public/frontend/login.html
[Tue Jul 22 11:25:14.192639 2025] [log_config:warn] [pid 1792:tid 1792] (OS 1392)The file or directory is corrupted and unreadable.  : [client 127.0.0.1:50822] AH00646: Error writing to logs/access.log, referer: http://localhost:8080/Lugxwebsite/public/frontend/login.html
[Tue Jul 22 11:25:14.255471 2025] [log_config:warn] [pid 1792:tid 1792] (OS 1392)The file or directory is corrupted and unreadable.  : [client 127.0.0.1:50827] AH00646: Error writing to logs/access.log, referer: http://localhost:8080/Lugxwebsite/public/frontend/user_dashboard.html
[Tue Jul 22 11:25:14.285391 2025] [log_config:warn] [pid 1792:tid 1780] (OS 1392)The file or directory is corrupted and unreadable.  : [client 127.0.0.1:50829] AH00646: Error writing to logs/access.log, referer: http://localhost:8080/Lugxwebsite/public/frontend/user_dashboard.html
[Tue Jul 22 11:25:14.355204 2025] [log_config:warn] [pid 1792:tid 1864] (OS 1392)The file or directory is corrupted and unreadable.  : [client 127.0.0.1:50828] AH00646: Error writing to logs/access.log, referer: http://localhost:8080/Lugxwebsite/public/frontend/user_dashboard.html
[Tue Jul 22 11:25:14.419037 2025] [log_config:warn] [pid 1792:tid 1824] (OS 1392)The file or directory is corrupted and unreadable.  : [client 127.0.0.1:50833] AH00646: Error writing to logs/access.log, referer: http://localhost:8080/Lugxwebsite/public/frontend/user_dashboard.html
[Tue Jul 22 11:25:14.453940 2025] [log_config:warn] [pid 1792:tid 1792] (OS 1392)The file or directory is corrupted and unreadable.  : [client 127.0.0.1:50832] AH00646: Error writing to logs/access.log, referer: http://localhost:8080/Lugxwebsite/public/frontend/user_dashboard.html
[Tue Jul 22 11:25:14.498820 2025] [log_config:warn] [pid 1792:tid 1780] (OS 1392)The file or directory is corrupted and unreadable.  : [client 127.0.0.1:50834] AH00646: Error writing to logs/access.log, referer: http://localhost:8080/Lugxwebsite/public/frontend/user_dashboard.html
[Tue Jul 22 11:25:14.573622 2025] [log_config:warn] [pid 1792:tid 1840] (OS 1392)The file or directory is corrupted and unreadable.  : [client 127.0.0.1:50836] AH00646: Error writing to logs/access.log, referer: http://localhost:8080/Lugxwebsite/public/frontend/user_dashboard.html
[Tue Jul 22 11:25:14.604537 2025] [log_config:warn] [pid 1792:tid 1864] (OS 1392)The file or directory is corrupted and unreadable.  : [client 127.0.0.1:50828] AH00646: Error writing to logs/access.log, referer: http://localhost:8080/Lugxwebsite/public/frontend/user_dashboard.html
[Tue Jul 22 11:25:14.666372 2025] [log_config:warn] [pid 1792:tid 1780] (OS 1392)The file or directory is corrupted and unreadable.  : [client 127.0.0.1:50834] AH00646: Error writing to logs/access.log, referer: http://localhost:8080/Lugxwebsite/public/frontend/user_dashboard.html
[Tue Jul 22 11:25:17.468179 2025] [log_config:warn] [pid 1792:tid 1780] (OS 1392)The file or directory is corrupted and unreadable.  : [client 127.0.0.1:50834] AH00646: Error writing to logs/access.log, referer: http://localhost:8080/phpmyadmin/themes/pmahomme/css/theme.css?v=5.2.1
[Tue Jul 22 11:25:18.194833 2025] [log_config:warn] [pid 1792:tid 1780] (OS 1392)The file or directory is corrupted and unreadable.  : [client 127.0.0.1:50834] AH00646: Error writing to logs/access.log
[Tue Jul 22 11:25:18.238715 2025] [log_config:warn] [pid 1792:tid 1792] (OS 1392)The file or directory is corrupted and unreadable.  : [client 127.0.0.1:50832] AH00646: Error writing to logs/access.log, referer: http://localhost:8080/phpmyadmin/themes/pmahomme/css/theme.css?v=5.2.1
[Tue Jul 22 11:25:18.244700 2025] [log_config:warn] [pid 1792:tid 1824] (OS 1392)The file or directory is corrupted and unreadable.  : [client 127.0.0.1:50833] AH00646: Error writing to logs/access.log, referer: http://localhost:8080/phpmyadmin/themes/pmahomme/css/theme.css?v=5.2.1
[Tue Jul 22 11:25:18.245702 2025] [log_config:warn] [pid 1792:tid 1840] (OS 1392)The file or directory is corrupted and unreadable.  : [client 127.0.0.1:50836] AH00646: Error writing to logs/access.log, referer: http://localhost:8080/phpmyadmin/themes/pmahomme/css/theme.css?v=5.2.1
[Tue Jul 22 11:25:18.265644 2025] [log_config:warn] [pid 1792:tid 1864] (OS 1392)The file or directory is corrupted and unreadable.  : [client 127.0.0.1:50828] AH00646: Error writing to logs/access.log, referer: http://localhost:8080/phpmyadmin/themes/pmahomme/css/theme.css?v=5.2.1
[Tue Jul 22 11:25:18.275618 2025] [log_config:warn] [pid 1792:tid 1792] (OS 1392)The file or directory is corrupted and unreadable.  : [client 127.0.0.1:50832] AH00646: Error writing to logs/access.log, referer: http://localhost:8080/phpmyadmin/themes/pmahomme/css/theme.css?v=5.2.1
[Tue Jul 22 11:25:18.331468 2025] [log_config:warn] [pid 1792:tid 1856] (OS 1392)The file or directory is corrupted and unreadable.  : [client 127.0.0.1:50846] AH00646: Error writing to logs/access.log, referer: http://localhost:8080/phpmyadmin/themes/pmahomme/css/theme.css?v=5.2.1
[Tue Jul 22 11:25:18.369366 2025] [log_config:warn] [pid 1792:tid 1840] (OS 1392)The file or directory is corrupted and unreadable.  : [client 127.0.0.1:50836] AH00646: Error writing to logs/access.log, referer: http://localhost:8080/phpmyadmin/themes/pmahomme/css/theme.css?v=5.2.1
[Tue Jul 22 11:25:18.377344 2025] [log_config:warn] [pid 1792:tid 1824] (OS 1392)The file or directory is corrupted and unreadable.  : [client 127.0.0.1:50833] AH00646: Error writing to logs/access.log, referer: http://localhost:8080/phpmyadmin/themes/pmahomme/css/theme.css?v=5.2.1
[Tue Jul 22 11:25:18.384326 2025] [log_config:warn] [pid 1792:tid 1864] (OS 1392)The file or directory is corrupted and unreadable.  : [client 127.0.0.1:50828] AH00646: Error writing to logs/access.log, referer: http://localhost:8080/phpmyadmin/themes/pmahomme/css/theme.css?v=5.2.1
[Tue Jul 22 11:25:18.393303 2025] [log_config:warn] [pid 1792:tid 1864] (OS 1392)The file or directory is corrupted and unreadable.  : [client 127.0.0.1:50828] AH00646: Error writing to logs/access.log, referer: http://localhost:8080/phpmyadmin/themes/pmahomme/css/theme.css?v=5.2.1
[Tue Jul 22 11:25:18.403275 2025] [log_config:warn] [pid 1792:tid 1864] (OS 1392)The file or directory is corrupted and unreadable.  : [client 127.0.0.1:50828] AH00646: Error writing to logs/access.log, referer: http://localhost:8080/phpmyadmin/themes/pmahomme/css/theme.css?v=5.2.1
[Tue Jul 22 11:25:18.412251 2025] [log_config:warn] [pid 1792:tid 1864] (OS 1392)The file or directory is corrupted and unreadable.  : [client 127.0.0.1:50828] AH00646: Error writing to logs/access.log, referer: http://localhost:8080/phpmyadmin/themes/pmahomme/css/theme.css?v=5.2.1
[Tue Jul 22 11:25:18.421228 2025] [log_config:warn] [pid 1792:tid 1864] (OS 1392)The file or directory is corrupted and unreadable.  : [client 127.0.0.1:50828] AH00646: Error writing to logs/access.log, referer: http://localhost:8080/phpmyadmin/themes/pmahomme/css/theme.css?v=5.2.1
[Tue Jul 22 11:25:18.431201 2025] [log_config:warn] [pid 1792:tid 1840] (OS 1392)The file or directory is corrupted and unreadable.  : [client 127.0.0.1:50836] AH00646: Error writing to logs/access.log
[Tue Jul 22 11:25:18.440177 2025] [log_config:warn] [pid 1792:tid 1840] (OS 1392)The file or directory is corrupted and unreadable.  : [client 127.0.0.1:50836] AH00646: Error writing to logs/access.log, referer: http://localhost:8080/phpmyadmin/themes/pmahomme/css/theme.css?v=5.2.1
[Tue Jul 22 11:25:18.449154 2025] [log_config:warn] [pid 1792:tid 1824] (OS 1392)The file or directory is corrupted and unreadable.  : [client 127.0.0.1:50833] AH00646: Error writing to logs/access.log, referer: http://localhost:8080/phpmyadmin/themes/pmahomme/css/theme.css?v=5.2.1
[Tue Jul 22 11:25:18.459127 2025] [log_config:warn] [pid 1792:tid 1864] (OS 1392)The file or directory is corrupted and unreadable.  : [client 127.0.0.1:50828] AH00646: Error writing to logs/access.log, referer: http://localhost:8080/phpmyadmin/themes/pmahomme/css/theme.css?v=5.2.1
[Tue Jul 22 11:25:18.466107 2025] [log_config:warn] [pid 1792:tid 1856] (OS 1392)The file or directory is corrupted and unreadable.  : [client 127.0.0.1:50846] AH00646: Error writing to logs/access.log, referer: http://localhost:8080/phpmyadmin/themes/pmahomme/css/theme.css?v=5.2.1
[Tue Jul 22 11:25:18.472090 2025] [log_config:warn] [pid 1792:tid 1824] (OS 1392)The file or directory is corrupted and unreadable.  : [client 127.0.0.1:50833] AH00646: Error writing to logs/access.log, referer: http://localhost:8080/phpmyadmin/themes/pmahomme/css/theme.css?v=5.2.1
[Tue Jul 22 11:25:18.479072 2025] [log_config:warn] [pid 1792:tid 1856] (OS 1392)The file or directory is corrupted and unreadable.  : [client 127.0.0.1:50846] AH00646: Error writing to logs/access.log, referer: http://localhost:8080/phpmyadmin/themes/pmahomme/css/theme.css?v=5.2.1
[Tue Jul 22 11:25:18.498022 2025] [log_config:warn] [pid 1792:tid 1824] (OS 1392)The file or directory is corrupted and unreadable.  : [client 127.0.0.1:50833] AH00646: Error writing to logs/access.log, referer: http://localhost:8080/phpmyadmin/themes/pmahomme/css/theme.css?v=5.2.1
[Tue Jul 22 11:25:18.510988 2025] [log_config:warn] [pid 1792:tid 1824] (OS 1392)The file or directory is corrupted and unreadable.  : [client 127.0.0.1:50833] AH00646: Error writing to logs/access.log, referer: http://localhost:8080/phpmyadmin/themes/pmahomme/css/theme.css?v=5.2.1
[Tue Jul 22 11:25:18.517969 2025] [log_config:warn] [pid 1792:tid 1864] (OS 1392)The file or directory is corrupted and unreadable.  : [client 127.0.0.1:50828] AH00646: Error writing to logs/access.log, referer: http://localhost:8080/phpmyadmin/themes/pmahomme/css/theme.css?v=5.2.1
[Tue Jul 22 11:25:18.604736 2025] [log_config:warn] [pid 1792:tid 1824] (OS 1392)The file or directory is corrupted and unreadable.  : [client 127.0.0.1:50833] AH00646: Error writing to logs/access.log, referer: http://localhost:8080/phpmyadmin/themes/pmahomme/css/theme.css?v=5.2.1
[Tue Jul 22 11:25:18.621691 2025] [log_config:warn] [pid 1792:tid 1780] (OS 1392)The file or directory is corrupted and unreadable.  : [client 127.0.0.1:50834] AH00646: Error writing to logs/access.log
[Tue Jul 22 11:25:18.876974 2025] [log_config:warn] [pid 1792:tid 1792] (OS 1392)The file or directory is corrupted and unreadable.  : [client 127.0.0.1:50832] AH00646: Error writing to logs/access.log
[Tue Jul 22 11:25:19.117661 2025] [log_config:warn] [pid 1792:tid 1780] (OS 1392)The file or directory is corrupted and unreadable.  : [client 127.0.0.1:50834] AH00646: Error writing to logs/access.log
[Tue Jul 22 11:25:19.126637 2025] [log_config:warn] [pid 1792:tid 1780] (OS 1392)The file or directory is corrupted and unreadable.  : [client 127.0.0.1:50834] AH00646: Error writing to logs/access.log, referer: http://localhost:8080/phpmyadmin/themes/pmahomme/css/theme.css?v=5.2.1
[Tue Jul 22 11:25:19.132620 2025] [log_config:warn] [pid 1792:tid 1824] (OS 1392)The file or directory is corrupted and unreadable.  : [client 127.0.0.1:50833] AH00646: Error writing to logs/access.log, referer: http://localhost:8080/phpmyadmin/themes/pmahomme/css/theme.css?v=5.2.1
[Tue Jul 22 11:25:19.283456 2025] [log_config:warn] [pid 1792:tid 1792] (OS 1392)The file or directory is corrupted and unreadable.  : [client 127.0.0.1:50832] AH00646: Error writing to logs/access.log
[Tue Jul 22 11:25:19.418353 2025] [log_config:warn] [pid 1792:tid 1780] (OS 1392)The file or directory is corrupted and unreadable.  : [client 127.0.0.1:50834] AH00646: Error writing to logs/access.log
[Tue Jul 22 11:25:22.249360 2025] [log_config:warn] [pid 1792:tid 1780] (OS 1392)The file or directory is corrupted and unreadable.  : [client 127.0.0.1:50834] AH00646: Error writing to logs/access.log, referer: http://localhost:8080/Lugxwebsite/public/frontend/user_dashboard.html
[Tue Jul 22 11:25:22.293244 2025] [log_config:warn] [pid 1792:tid 1792] (OS 1392)The file or directory is corrupted and unreadable.  : [client 127.0.0.1:50832] AH00646: Error writing to logs/access.log, referer: http://localhost:8080/Lugxwebsite/public/frontend/user_addresses.html
[Tue Jul 22 11:25:22.371795 2025] [log_config:warn] [pid 1792:tid 1792] (OS 1392)The file or directory is corrupted and unreadable.  : [client 127.0.0.1:50832] AH00646: Error writing to logs/access.log, referer: http://localhost:8080/Lugxwebsite/public/frontend/user_addresses.html
[Tue Jul 22 11:25:22.448694 2025] [log_config:warn] [pid 1792:tid 1824] (OS 1392)The file or directory is corrupted and unreadable.  : [client 127.0.0.1:50833] AH00646: Error writing to logs/access.log, referer: http://localhost:8080/Lugxwebsite/public/frontend/user_addresses.html
[Tue Jul 22 11:25:22.531535 2025] [log_config:warn] [pid 1792:tid 1864] (OS 1392)The file or directory is corrupted and unreadable.  : [client 127.0.0.1:50828] AH00646: Error writing to logs/access.log, referer: http://localhost:8080/Lugxwebsite/public/frontend/user_addresses.html
[Tue Jul 22 11:25:22.578410 2025] [log_config:warn] [pid 1792:tid 1840] (OS 1392)The file or directory is corrupted and unreadable.  : [client 127.0.0.1:50836] AH00646: Error writing to logs/access.log, referer: http://localhost:8080/Lugxwebsite/public/frontend/user_addresses.html
[Tue Jul 22 11:25:22.609329 2025] [log_config:warn] [pid 1792:tid 1792] (OS 1392)The file or directory is corrupted and unreadable.  : [client 127.0.0.1:50832] AH00646: Error writing to logs/access.log, referer: http://localhost:8080/Lugxwebsite/public/frontend/user_addresses.html
[Tue Jul 22 11:25:22.662185 2025] [log_config:warn] [pid 1792:tid 1792] (OS 1392)The file or directory is corrupted and unreadable.  : [client 127.0.0.1:50832] AH00646: Error writing to logs/access.log, referer: http://localhost:8080/Lugxwebsite/public/frontend/user_addresses.html
[Tue Jul 22 11:27:35.883190 2025] [log_config:warn] [pid 1792:tid 1792] (OS 1392)The file or directory is corrupted and unreadable.  : [client ::1:50981] AH00646: Error writing to logs/access.log
[Tue Jul 22 11:27:36.175434 2025] [log_config:warn] [pid 1792:tid 1792] (OS 1392)The file or directory is corrupted and unreadable.  : [client ::1:50981] AH00646: Error writing to logs/access.log
[Tue Jul 22 11:27:36.347679 2025] [log_config:warn] [pid 1792:tid 1792] (OS 1392)The file or directory is corrupted and unreadable.  : [client ::1:50981] AH00646: Error writing to logs/access.log, referer: http://localhost:8080/lugxwebsite/
[Tue Jul 22 11:27:44.084821 2025] [log_config:warn] [pid 1792:tid 1840] (OS 1392)The file or directory is corrupted and unreadable.  : [client ::1:50982] AH00646: Error writing to logs/access.log
[Tue Jul 22 11:27:44.084821 2025] [log_config:warn] [pid 1792:tid 1840] (OS 1392)The file or directory is corrupted and unreadable.  : [client ::1:50982] AH00646: Error writing to logs/access.log
[Tue Jul 22 11:27:44.111458 2025] [log_config:warn] [pid 1792:tid 1840] (OS 1392)The file or directory is corrupted and unreadable.  : [client ::1:50982] AH00646: Error writing to logs/access.log, referer: http://localhost:8080/Lugxwebsite/public/frontend/index.html
[Tue Jul 22 11:27:44.124012 2025] [log_config:warn] [pid 1792:tid 1864] (OS 1392)The file or directory is corrupted and unreadable.  : [client ::1:50985] AH00646: Error writing to logs/access.log, referer: http://localhost:8080/Lugxwebsite/public/frontend/index.html
[Tue Jul 22 11:27:44.129085 2025] [log_config:warn] [pid 1792:tid 1824] (OS 1392)The file or directory is corrupted and unreadable.  : [client ::1:50986] AH00646: Error writing to logs/access.log, referer: http://localhost:8080/Lugxwebsite/public/frontend/index.html
[Tue Jul 22 11:27:44.132633 2025] [log_config:warn] [pid 1792:tid 1792] (OS 1392)The file or directory is corrupted and unreadable.  : [client ::1:50984] AH00646: Error writing to logs/access.log, referer: http://localhost:8080/Lugxwebsite/public/frontend/index.html
[Tue Jul 22 11:27:45.700041 2025] [log_config:warn] [pid 1792:tid 1864] (OS 1392)The file or directory is corrupted and unreadable.  : [client ::1:50985] AH00646: Error writing to logs/access.log, referer: http://localhost:8080/Lugxwebsite/public/frontend/index.html
[Tue Jul 22 11:27:45.718501 2025] [log_config:warn] [pid 1792:tid 1824] (OS 1392)The file or directory is corrupted and unreadable.  : [client ::1:50986] AH00646: Error writing to logs/access.log, referer: http://localhost:8080/Lugxwebsite/public/frontend/index.html
[Tue Jul 22 11:27:45.727479 2025] [log_config:warn] [pid 1792:tid 1840] (OS 1392)The file or directory is corrupted and unreadable.  : [client ::1:50982] AH00646: Error writing to logs/access.log, referer: http://localhost:8080/Lugxwebsite/public/frontend/index.html
[Tue Jul 22 11:27:45.744622 2025] [log_config:warn] [pid 1792:tid 1856] (OS 1392)The file or directory is corrupted and unreadable.  : [client ::1:50993] AH00646: Error writing to logs/access.log, referer: http://localhost:8080/Lugxwebsite/public/frontend/index.html
[Tue Jul 22 11:27:45.757588 2025] [log_config:warn] [pid 1792:tid 1792] (OS 1392)The file or directory is corrupted and unreadable.  : [client ::1:50984] AH00646: Error writing to logs/access.log, referer: http://localhost:8080/Lugxwebsite/public/frontend/index.html
[Tue Jul 22 11:27:45.771049 2025] [log_config:warn] [pid 1792:tid 1864] (OS 1392)The file or directory is corrupted and unreadable.  : [client ::1:50985] AH00646: Error writing to logs/access.log, referer: http://localhost:8080/Lugxwebsite/public/frontend/index.html
[Tue Jul 22 11:27:45.787008 2025] [log_config:warn] [pid 1792:tid 1792] (OS 1392)The file or directory is corrupted and unreadable.  : [client ::1:50984] AH00646: Error writing to logs/access.log, referer: http://localhost:8080/Lugxwebsite/public/frontend/index.html
[Tue Jul 22 11:27:45.787008 2025] [log_config:warn] [pid 1792:tid 1780] (OS 1392)The file or directory is corrupted and unreadable.  : [client ::1:50994] AH00646: Error writing to logs/access.log, referer: http://localhost:8080/Lugxwebsite/public/frontend/index.html
[Tue Jul 22 11:27:45.789007 2025] [log_config:warn] [pid 1792:tid 1840] (OS 1392)The file or directory is corrupted and unreadable.  : [client ::1:50982] AH00646: Error writing to logs/access.log, referer: http://localhost:8080/Lugxwebsite/public/frontend/index.html
[Tue Jul 22 11:27:45.795985 2025] [log_config:warn] [pid 1792:tid 1856] (OS 1392)The file or directory is corrupted and unreadable.  : [client ::1:50993] AH00646: Error writing to logs/access.log, referer: http://localhost:8080/Lugxwebsite/public/frontend/index.html
[Tue Jul 22 11:27:45.805292 2025] [log_config:warn] [pid 1792:tid 1824] (OS 1392)The file or directory is corrupted and unreadable.  : [client ::1:50986] AH00646: Error writing to logs/access.log, referer: http://localhost:8080/Lugxwebsite/public/frontend/index.html
[Tue Jul 22 11:27:45.810279 2025] [log_config:warn] [pid 1792:tid 1780] (OS 1392)The file or directory is corrupted and unreadable.  : [client ::1:50994] AH00646: Error writing to logs/access.log, referer: http://localhost:8080/Lugxwebsite/public/frontend/index.html
[Tue Jul 22 11:27:45.819114 2025] [log_config:warn] [pid 1792:tid 1792] (OS 1392)The file or directory is corrupted and unreadable.  : [client ::1:50984] AH00646: Error writing to logs/access.log, referer: http://localhost:8080/Lugxwebsite/public/assets/css/style.css
[Tue Jul 22 11:27:45.849564 2025] [log_config:warn] [pid 1792:tid 1824] (OS 1392)The file or directory is corrupted and unreadable.  : [client ::1:50986] AH00646: Error writing to logs/access.log, referer: http://localhost:8080/Lugxwebsite/public/assets/css/style.css
[Tue Jul 22 11:27:45.851560 2025] [log_config:warn] [pid 1792:tid 1856] (OS 1392)The file or directory is corrupted and unreadable.  : [client ::1:50993] AH00646: Error writing to logs/access.log, referer: http://localhost:8080/Lugxwebsite/public/frontend/index.html
[Tue Jul 22 11:27:45.851560 2025] [log_config:warn] [pid 1792:tid 1840] (OS 1392)The file or directory is corrupted and unreadable.  : [client ::1:50982] AH00646: Error writing to logs/access.log, referer: http://localhost:8080/Lugxwebsite/public/assets/css/style.css
[Tue Jul 22 11:27:45.968671 2025] [log_config:warn] [pid 1792:tid 1780] (OS 1392)The file or directory is corrupted and unreadable.  : [client ::1:50994] AH00646: Error writing to logs/access.log, referer: http://localhost:8080/Lugxwebsite/public/assets/css/style.css
[Tue Jul 22 11:27:46.139148 2025] [log_config:warn] [pid 1792:tid 1864] (OS 1392)The file or directory is corrupted and unreadable.  : [client ::1:50985] AH00646: Error writing to logs/access.log, referer: http://localhost:8080/Lugxwebsite/public/frontend/index.html
[Tue Jul 22 11:27:46.188468 2025] [log_config:warn] [pid 1792:tid 1792] (OS 1392)The file or directory is corrupted and unreadable.  : [client ::1:50984] AH00646: Error writing to logs/access.log, referer: http://localhost:8080/Lugxwebsite/public/frontend/index.html
[Tue Jul 22 11:27:46.225736 2025] [log_config:warn] [pid 1792:tid 1856] (OS 1392)The file or directory is corrupted and unreadable.  : [client ::1:50993] AH00646: Error writing to logs/access.log, referer: http://localhost:8080/Lugxwebsite/public/frontend/index.html
[Tue Jul 22 11:27:46.268892 2025] [log_config:warn] [pid 1792:tid 1792] (OS 1392)The file or directory is corrupted and unreadable.  : [client ::1:50984] AH00646: Error writing to logs/access.log, referer: http://localhost:8080/Lugxwebsite/public/frontend/index.html
[Tue Jul 22 11:27:46.300561 2025] [log_config:warn] [pid 1792:tid 1856] (OS 1392)The file or directory is corrupted and unreadable.  : [client ::1:50993] AH00646: Error writing to logs/access.log, referer: http://localhost:8080/Lugxwebsite/public/frontend/index.html
[Tue Jul 22 11:27:46.321938 2025] [log_config:warn] [pid 1792:tid 1792] (OS 1392)The file or directory is corrupted and unreadable.  : [client ::1:50984] AH00646: Error writing to logs/access.log, referer: http://localhost:8080/Lugxwebsite/public/frontend/index.html
[Tue Jul 22 11:27:46.887398 2025] [log_config:warn] [pid 1792:tid 1792] (OS 1392)The file or directory is corrupted and unreadable.  : [client ::1:50984] AH00646: Error writing to logs/access.log, referer: http://localhost:8080/Lugxwebsite/public/frontend/index.html
[Tue Jul 22 11:27:46.937730 2025] [log_config:warn] [pid 1792:tid 1856] (OS 1392)The file or directory is corrupted and unreadable.  : [client ::1:50993] AH00646: Error writing to logs/access.log, referer: http://localhost:8080/Lugxwebsite/public/frontend/index.html
[Tue Jul 22 11:27:46.982777 2025] [log_config:warn] [pid 1792:tid 1792] (OS 1392)The file or directory is corrupted and unreadable.  : [client ::1:50984] AH00646: Error writing to logs/access.log, referer: http://localhost:8080/Lugxwebsite/public/frontend/index.html
[Tue Jul 22 11:27:47.015231 2025] [log_config:warn] [pid 1792:tid 1856] (OS 1392)The file or directory is corrupted and unreadable.  : [client ::1:50993] AH00646: Error writing to logs/access.log, referer: http://localhost:8080/Lugxwebsite/public/frontend/index.html
[Tue Jul 22 11:27:47.064062 2025] [log_config:warn] [pid 1792:tid 1792] (OS 1392)The file or directory is corrupted and unreadable.  : [client ::1:50984] AH00646: Error writing to logs/access.log, referer: http://localhost:8080/Lugxwebsite/public/frontend/index.html
[Tue Jul 22 11:27:47.117990 2025] [log_config:warn] [pid 1792:tid 1856] (OS 1392)The file or directory is corrupted and unreadable.  : [client ::1:50993] AH00646: Error writing to logs/access.log, referer: http://localhost:8080/Lugxwebsite/public/frontend/index.html
[Tue Jul 22 11:27:47.148319 2025] [log_config:warn] [pid 1792:tid 1792] (OS 1392)The file or directory is corrupted and unreadable.  : [client ::1:50984] AH00646: Error writing to logs/access.log, referer: http://localhost:8080/Lugxwebsite/public/frontend/index.html
[Tue Jul 22 11:27:59.743827 2025] [log_config:warn] [pid 1792:tid 1792] (OS 1392)The file or directory is corrupted and unreadable.  : [client ::1:51013] AH00646: Error writing to logs/access.log, referer: http://localhost:8080/Lugxwebsite/public/frontend/index.html
[Tue Jul 22 11:50:46.596386 2025] [core:warn] [pid 5636:tid 432] AH00098: pid file C:/xampp/apache/logs/httpd.pid overwritten -- Unclean shutdown of previous Apache run?
[Tue Jul 22 11:50:48.314759 2025] [mpm_winnt:notice] [pid 5636:tid 432] AH00455: Apache/2.4.58 (Win64) OpenSSL/3.1.3 PHP/8.2.12 configured -- resuming normal operations
[Tue Jul 22 11:50:48.314759 2025] [mpm_winnt:notice] [pid 5636:tid 432] AH00456: Apache Lounge VS17 Server built: Oct 18 2023 13:03:18
[Tue Jul 22 11:50:48.314759 2025] [core:notice] [pid 5636:tid 432] AH00094: Command line: 'c:\\xampp\\apache\\bin\\httpd.exe -d C:/xampp/apache'
[Tue Jul 22 11:50:48.314759 2025] [mpm_winnt:notice] [pid 5636:tid 432] AH00418: Parent: Created child process 9116
[Tue Jul 22 11:50:49.033306 2025] [mpm_winnt:notice] [pid 9116:tid 444] AH00354: Child: Starting 150 worker threads.
[Tue Jul 22 12:50:49.048743 2025] [core:warn] [pid 16164:tid 424] AH00098: pid file C:/xampp/apache/logs/httpd.pid overwritten -- Unclean shutdown of previous Apache run?
[Tue Jul 22 12:50:49.154826 2025] [mpm_winnt:notice] [pid 16164:tid 424] AH00455: Apache/2.4.58 (Win64) OpenSSL/3.1.3 PHP/8.2.12 configured -- resuming normal operations
[Tue Jul 22 12:50:49.154826 2025] [mpm_winnt:notice] [pid 16164:tid 424] AH00456: Apache Lounge VS17 Server built: Oct 18 2023 13:03:18
[Tue Jul 22 12:50:49.154826 2025] [core:notice] [pid 16164:tid 424] AH00094: Command line: 'c:\\xampp\\apache\\bin\\httpd.exe -d C:/xampp/apache'
[Tue Jul 22 12:50:49.170410 2025] [mpm_winnt:notice] [pid 16164:tid 424] AH00418: Parent: Created child process 7132
[Tue Jul 22 12:50:50.072090 2025] [mpm_winnt:notice] [pid 7132:tid 444] AH00354: Child: Starting 150 worker threads.
[Tue Jul 22 13:24:47.029506 2025] [core:warn] [pid 12012:tid 460] AH00098: pid file C:/xampp/apache/logs/httpd.pid overwritten -- Unclean shutdown of previous Apache run?
[Tue Jul 22 13:24:47.091997 2025] [mpm_winnt:notice] [pid 12012:tid 460] AH00455: Apache/2.4.58 (Win64) OpenSSL/3.1.3 PHP/8.2.12 configured -- resuming normal operations
[Tue Jul 22 13:24:47.091997 2025] [mpm_winnt:notice] [pid 12012:tid 460] AH00456: Apache Lounge VS17 Server built: Oct 18 2023 13:03:18
[Tue Jul 22 13:24:47.091997 2025] [core:notice] [pid 12012:tid 460] AH00094: Command line: 'c:\\xampp\\apache\\bin\\httpd.exe -d C:/xampp/apache'
[Tue Jul 22 13:24:47.091997 2025] [mpm_winnt:notice] [pid 12012:tid 460] AH00418: Parent: Created child process 1628
[Tue Jul 22 13:24:47.931908 2025] [mpm_winnt:notice] [pid 1628:tid 444] AH00354: Child: Starting 150 worker threads.
[Tue Jul 22 13:40:36.873563 2025] [core:warn] [pid 10972:tid 156] AH00098: pid file C:/xampp/apache/logs/httpd.pid overwritten -- Unclean shutdown of previous Apache run?
[Tue Jul 22 13:40:37.020682 2025] [mpm_winnt:notice] [pid 10972:tid 156] AH00455: Apache/2.4.58 (Win64) OpenSSL/3.1.3 PHP/8.2.12 configured -- resuming normal operations
[Tue Jul 22 13:40:37.020682 2025] [mpm_winnt:notice] [pid 10972:tid 156] AH00456: Apache Lounge VS17 Server built: Oct 18 2023 13:03:18
[Tue Jul 22 13:40:37.020682 2025] [core:notice] [pid 10972:tid 156] AH00094: Command line: 'c:\\xampp\\apache\\bin\\httpd.exe -d C:/xampp/apache'
[Tue Jul 22 13:40:37.036303 2025] [mpm_winnt:notice] [pid 10972:tid 156] AH00418: Parent: Created child process 12032
[Tue Jul 22 13:40:38.957869 2025] [mpm_winnt:notice] [pid 12032:tid 428] AH00354: Child: Starting 150 worker threads.
[Tue Jul 22 14:27:06.630735 2025] [core:warn] [pid 12348:tid 456] AH00098: pid file C:/xampp/apache/logs/httpd.pid overwritten -- Unclean shutdown of previous Apache run?
[Tue Jul 22 14:27:07.534309 2025] [mpm_winnt:notice] [pid 12348:tid 456] AH00455: Apache/2.4.58 (Win64) OpenSSL/3.1.3 PHP/8.2.12 configured -- resuming normal operations
[Tue Jul 22 14:27:07.534309 2025] [mpm_winnt:notice] [pid 12348:tid 456] AH00456: Apache Lounge VS17 Server built: Oct 18 2023 13:03:18
[Tue Jul 22 14:27:07.534309 2025] [core:notice] [pid 12348:tid 456] AH00094: Command line: 'c:\\xampp\\apache\\bin\\httpd.exe -d C:/xampp/apache'
[Tue Jul 22 14:27:07.556695 2025] [mpm_winnt:notice] [pid 12348:tid 456] AH00418: Parent: Created child process 4120
[Tue Jul 22 14:27:08.268024 2025] [mpm_winnt:notice] [pid 4120:tid 452] AH00354: Child: Starting 150 worker threads.
[Tue Jul 22 14:41:16.249187 2025] [core:warn] [pid 14152:tid 432] AH00098: pid file C:/xampp/apache/logs/httpd.pid overwritten -- Unclean shutdown of previous Apache run?
[Tue Jul 22 14:41:16.318178 2025] [mpm_winnt:notice] [pid 14152:tid 432] AH00455: Apache/2.4.58 (Win64) OpenSSL/3.1.3 PHP/8.2.12 configured -- resuming normal operations
[Tue Jul 22 14:41:16.318178 2025] [mpm_winnt:notice] [pid 14152:tid 432] AH00456: Apache Lounge VS17 Server built: Oct 18 2023 13:03:18
[Tue Jul 22 14:41:16.318178 2025] [core:notice] [pid 14152:tid 432] AH00094: Command line: 'c:\\xampp\\apache\\bin\\httpd.exe -d C:/xampp/apache'
[Tue Jul 22 14:41:16.333800 2025] [mpm_winnt:notice] [pid 14152:tid 432] AH00418: Parent: Created child process 7364
[Tue Jul 22 14:41:16.966600 2025] [mpm_winnt:notice] [pid 7364:tid 476] AH00354: Child: Starting 150 worker threads.
[Wed Jul 23 06:07:28.252805 2025] [core:warn] [pid 15228:tid 452] AH00098: pid file C:/xampp/apache/logs/httpd.pid overwritten -- Unclean shutdown of previous Apache run?
[Wed Jul 23 06:07:28.330913 2025] [mpm_winnt:notice] [pid 15228:tid 452] AH00455: Apache/2.4.58 (Win64) OpenSSL/3.1.3 PHP/8.2.12 configured -- resuming normal operations
[Wed Jul 23 06:07:28.330913 2025] [mpm_winnt:notice] [pid 15228:tid 452] AH00456: Apache Lounge VS17 Server built: Oct 18 2023 13:03:18
[Wed Jul 23 06:07:28.330913 2025] [core:notice] [pid 15228:tid 452] AH00094: Command line: 'c:\\xampp\\apache\\bin\\httpd.exe -d C:/xampp/apache'
[Wed Jul 23 06:07:28.330913 2025] [mpm_winnt:notice] [pid 15228:tid 452] AH00418: Parent: Created child process 16724
[Wed Jul 23 06:07:29.080738 2025] [mpm_winnt:notice] [pid 16724:tid 468] AH00354: Child: Starting 150 worker threads.
[Wed Jul 23 08:10:15.730465 2025] [core:warn] [pid 1312:tid 424] AH00098: pid file C:/xampp/apache/logs/httpd.pid overwritten -- Unclean shutdown of previous Apache run?
[Wed Jul 23 08:10:15.805959 2025] [mpm_winnt:notice] [pid 1312:tid 424] AH00455: Apache/2.4.58 (Win64) OpenSSL/3.1.3 PHP/8.2.12 configured -- resuming normal operations
[Wed Jul 23 08:10:15.805959 2025] [mpm_winnt:notice] [pid 1312:tid 424] AH00456: Apache Lounge VS17 Server built: Oct 18 2023 13:03:18
[Wed Jul 23 08:10:15.805959 2025] [core:notice] [pid 1312:tid 424] AH00094: Command line: 'c:\\xampp\\apache\\bin\\httpd.exe -d C:/xampp/apache'
[Wed Jul 23 08:10:15.860312 2025] [mpm_winnt:notice] [pid 1312:tid 424] AH00418: Parent: Created child process 7344
[Wed Jul 23 08:10:16.674237 2025] [mpm_winnt:notice] [pid 7344:tid 428] AH00354: Child: Starting 150 worker threads.
[Wed Jul 23 08:51:08.975458 2025] [core:warn] [pid 7180:tid 432] AH00098: pid file C:/xampp/apache/logs/httpd.pid overwritten -- Unclean shutdown of previous Apache run?
[Wed Jul 23 08:51:09.039457 2025] [mpm_winnt:notice] [pid 7180:tid 432] AH00455: Apache/2.4.58 (Win64) OpenSSL/3.1.3 PHP/8.2.12 configured -- resuming normal operations
[Wed Jul 23 08:51:09.039457 2025] [mpm_winnt:notice] [pid 7180:tid 432] AH00456: Apache Lounge VS17 Server built: Oct 18 2023 13:03:18
[Wed Jul 23 08:51:09.039457 2025] [core:notice] [pid 7180:tid 432] AH00094: Command line: 'c:\\xampp\\apache\\bin\\httpd.exe -d C:/xampp/apache'
[Wed Jul 23 08:51:09.126956 2025] [mpm_winnt:notice] [pid 7180:tid 432] AH00418: Parent: Created child process 11168
[Wed Jul 23 08:51:09.848259 2025] [mpm_winnt:notice] [pid 11168:tid 436] AH00354: Child: Starting 150 worker threads.
[Wed Jul 23 09:18:12.898918 2025] [core:warn] [pid 16280:tid 440] AH00098: pid file C:/xampp/apache/logs/httpd.pid overwritten -- Unclean shutdown of previous Apache run?
[Wed Jul 23 09:18:12.967885 2025] [mpm_winnt:notice] [pid 16280:tid 440] AH00455: Apache/2.4.58 (Win64) OpenSSL/3.1.3 PHP/8.2.12 configured -- resuming normal operations
[Wed Jul 23 09:18:12.967885 2025] [mpm_winnt:notice] [pid 16280:tid 440] AH00456: Apache Lounge VS17 Server built: Oct 18 2023 13:03:18
[Wed Jul 23 09:18:12.967885 2025] [core:notice] [pid 16280:tid 440] AH00094: Command line: 'c:\\xampp\\apache\\bin\\httpd.exe -d C:/xampp/apache'
[Wed Jul 23 09:18:12.967885 2025] [mpm_winnt:notice] [pid 16280:tid 440] AH00418: Parent: Created child process 17912
[Wed Jul 23 09:18:13.716463 2025] [mpm_winnt:notice] [pid 17912:tid 428] AH00354: Child: Starting 150 worker threads.
[Wed Jul 23 09:21:10.180930 2025] [mpm_winnt:crit] [pid 17912:tid 428] AH02538: Child: Parent process exited abruptly. Child process is ending
[Wed Jul 23 09:21:12.894610 2025] [core:warn] [pid 14776:tid 464] AH00098: pid file C:/xampp/apache/logs/httpd.pid overwritten -- Unclean shutdown of previous Apache run?
[Wed Jul 23 09:21:12.970610 2025] [mpm_winnt:notice] [pid 14776:tid 464] AH00455: Apache/2.4.58 (Win64) OpenSSL/3.1.3 PHP/8.2.12 configured -- resuming normal operations
[Wed Jul 23 09:21:12.970610 2025] [mpm_winnt:notice] [pid 14776:tid 464] AH00456: Apache Lounge VS17 Server built: Oct 18 2023 13:03:18
[Wed Jul 23 09:21:12.970610 2025] [core:notice] [pid 14776:tid 464] AH00094: Command line: 'c:\\xampp\\apache\\bin\\httpd.exe -d C:/xampp/apache'
[Wed Jul 23 09:21:12.974610 2025] [mpm_winnt:notice] [pid 14776:tid 464] AH00418: Parent: Created child process 6476
[Wed Jul 23 09:21:13.604015 2025] [mpm_winnt:notice] [pid 6476:tid 444] AH00354: Child: Starting 150 worker threads.
[Wed Jul 23 09:26:44.316157 2025] [mpm_winnt:crit] [pid 6476:tid 444] AH02538: Child: Parent process exited abruptly. Child process is ending
[Wed Jul 23 09:26:45.520086 2025] [core:warn] [pid 6824:tid 456] AH00098: pid file C:/xampp/apache/logs/httpd.pid overwritten -- Unclean shutdown of previous Apache run?
[Wed Jul 23 09:26:45.582568 2025] [mpm_winnt:notice] [pid 6824:tid 456] AH00455: Apache/2.4.58 (Win64) OpenSSL/3.1.3 PHP/8.2.12 configured -- resuming normal operations
[Wed Jul 23 09:26:45.582568 2025] [mpm_winnt:notice] [pid 6824:tid 456] AH00456: Apache Lounge VS17 Server built: Oct 18 2023 13:03:18
[Wed Jul 23 09:26:45.582568 2025] [core:notice] [pid 6824:tid 456] AH00094: Command line: 'c:\\xampp\\apache\\bin\\httpd.exe -d C:/xampp/apache'
[Wed Jul 23 09:26:45.598189 2025] [mpm_winnt:notice] [pid 6824:tid 456] AH00418: Parent: Created child process 13820
[Wed Jul 23 09:26:46.322080 2025] [mpm_winnt:notice] [pid 13820:tid 444] AH00354: Child: Starting 150 worker threads.
[Wed Jul 23 09:29:07.791099 2025] [mpm_winnt:crit] [pid 13820:tid 444] AH02538: Child: Parent process exited abruptly. Child process is ending
[Wed Jul 23 09:29:11.442027 2025] [core:warn] [pid 12124:tid 456] AH00098: pid file C:/xampp/apache/logs/httpd.pid overwritten -- Unclean shutdown of previous Apache run?
[Wed Jul 23 09:29:11.490897 2025] [mpm_winnt:notice] [pid 12124:tid 456] AH00455: Apache/2.4.58 (Win64) OpenSSL/3.1.3 PHP/8.2.12 configured -- resuming normal operations
[Wed Jul 23 09:29:11.490897 2025] [mpm_winnt:notice] [pid 12124:tid 456] AH00456: Apache Lounge VS17 Server built: Oct 18 2023 13:03:18
[Wed Jul 23 09:29:11.490897 2025] [core:notice] [pid 12124:tid 456] AH00094: Command line: 'c:\\xampp\\apache\\bin\\httpd.exe -d C:/xampp/apache'
[Wed Jul 23 09:29:11.555341 2025] [mpm_winnt:notice] [pid 12124:tid 456] AH00418: Parent: Created child process 6800
[Wed Jul 23 09:29:12.391919 2025] [mpm_winnt:notice] [pid 6800:tid 436] AH00354: Child: Starting 150 worker threads.
[Wed Jul 23 13:08:40.000507 2025] [core:warn] [pid 14768:tid 424] AH00098: pid file C:/xampp/apache/logs/httpd.pid overwritten -- Unclean shutdown of previous Apache run?
[Wed Jul 23 13:08:40.316966 2025] [mpm_winnt:notice] [pid 14768:tid 424] AH00455: Apache/2.4.58 (Win64) OpenSSL/3.1.3 PHP/8.2.12 configured -- resuming normal operations
[Wed Jul 23 13:08:40.316966 2025] [mpm_winnt:notice] [pid 14768:tid 424] AH00456: Apache Lounge VS17 Server built: Oct 18 2023 13:03:18
[Wed Jul 23 13:08:40.316966 2025] [core:notice] [pid 14768:tid 424] AH00094: Command line: 'c:\\xampp\\apache\\bin\\httpd.exe -d C:/xampp/apache'
[Wed Jul 23 13:08:40.316966 2025] [mpm_winnt:notice] [pid 14768:tid 424] AH00418: Parent: Created child process 6488
[Wed Jul 23 13:08:41.219237 2025] [mpm_winnt:notice] [pid 6488:tid 448] AH00354: Child: Starting 150 worker threads.
[Wed Jul 23 13:21:04.194735 2025] [core:warn] [pid 10820:tid 464] AH00098: pid file C:/xampp/apache/logs/httpd.pid overwritten -- Unclean shutdown of previous Apache run?
[Wed Jul 23 13:21:04.359282 2025] [mpm_winnt:notice] [pid 10820:tid 464] AH00455: Apache/2.4.58 (Win64) OpenSSL/3.1.3 PHP/8.2.12 configured -- resuming normal operations
[Wed Jul 23 13:21:04.359282 2025] [mpm_winnt:notice] [pid 10820:tid 464] AH00456: Apache Lounge VS17 Server built: Oct 18 2023 13:03:18
[Wed Jul 23 13:21:04.359282 2025] [core:notice] [pid 10820:tid 464] AH00094: Command line: 'c:\\xampp\\apache\\bin\\httpd.exe -d C:/xampp/apache'
[Wed Jul 23 13:21:04.438333 2025] [mpm_winnt:notice] [pid 10820:tid 464] AH00418: Parent: Created child process 10312
[Wed Jul 23 13:21:05.121871 2025] [mpm_winnt:notice] [pid 10312:tid 428] AH00354: Child: Starting 150 worker threads.
[Wed Jul 23 15:51:12.596821 2025] [core:warn] [pid 2200:tid 440] AH00098: pid file C:/xampp/apache/logs/httpd.pid overwritten -- Unclean shutdown of previous Apache run?
[Wed Jul 23 15:51:12.736530 2025] [mpm_winnt:notice] [pid 2200:tid 440] AH00455: Apache/2.4.58 (Win64) OpenSSL/3.1.3 PHP/8.2.12 configured -- resuming normal operations
[Wed Jul 23 15:51:12.736530 2025] [mpm_winnt:notice] [pid 2200:tid 440] AH00456: Apache Lounge VS17 Server built: Oct 18 2023 13:03:18
[Wed Jul 23 15:51:12.736530 2025] [core:notice] [pid 2200:tid 440] AH00094: Command line: 'c:\\xampp\\apache\\bin\\httpd.exe -d C:/xampp/apache'
[Wed Jul 23 15:51:12.756476 2025] [mpm_winnt:notice] [pid 2200:tid 440] AH00418: Parent: Created child process 13272
[Wed Jul 23 15:51:13.641110 2025] [mpm_winnt:notice] [pid 13272:tid 428] AH00354: Child: Starting 150 worker threads.
[Sat Aug 02 18:38:56.730496 2025] [core:warn] [pid 8116:tid 432] AH00098: pid file C:/xampp/apache/logs/httpd.pid overwritten -- Unclean shutdown of previous Apache run?
[Sat Aug 02 18:39:00.107069 2025] [mpm_winnt:notice] [pid 8116:tid 432] AH00455: Apache/2.4.58 (Win64) OpenSSL/3.1.3 PHP/8.2.12 configured -- resuming normal operations
[Sat Aug 02 18:39:00.107069 2025] [mpm_winnt:notice] [pid 8116:tid 432] AH00456: Apache Lounge VS17 Server built: Oct 18 2023 13:03:18
[Sat Aug 02 18:39:00.107069 2025] [core:notice] [pid 8116:tid 432] AH00094: Command line: 'c:\\xampp\\apache\\bin\\httpd.exe -d C:/xampp/apache'
[Sat Aug 02 18:39:00.131060 2025] [mpm_winnt:notice] [pid 8116:tid 432] AH00418: Parent: Created child process 1060
[Sat Aug 02 18:39:00.864834 2025] [mpm_winnt:notice] [pid 1060:tid 440] AH00354: Child: Starting 150 worker threads.
